Opportunity set,Query,Page,Clicks,Impressions,CTR,Average position,Country,Device,Export window,Opportunity reason,Best target page,Recommended action,Priority
Top page opportunity,,/,5,312,1.6%,54.99,All,All,Last 3 months pages export; effective data 2026-05-26 to 2026-06-12,"Page has 312 impressions, 5 clicks, CTR 1.6%, avg position 54.99.",/,"Review title/meta, internal links, and query-page fit before implementation.",100
Top page opportunity,,/guides/drink-package-guide/,1,270,0.37%,17.91,All,All,Last 3 months pages export; effective data 2026-05-26 to 2026-06-12,"Page has 270 impressions, 1 clicks, CTR 0.37%, avg position 17.91.",/guides/drink-package-guide/,"Review title/meta, internal links, and query-page fit before implementation.",100
High impressions / weak CTR,how many drinks break even?,All pages query export,0,33,0%,9.42,All,All,Last 3 months export; effective data 2026-05-26 to 2026-06-12,"Query has 33 impressions, 0 clicks, position 9.42.",/guides/drink-package-guide,B. Add FAQ/H2 section; D. Improve calculator CTA; E. Create shareable calculator result,85
Page-filter validation: High impressions / weak CTR,how many drinks break even?,/guides/drink-package-guide,0,33,0%,9.42,All,All,Last 3 months page filter; effective data 2026-05-26 to 2026-06-12,This query appeared while filtering /guides/drink-package-guide; use it to verify target-page fit and cannibalization.,/guides/drink-package-guide,B. Add FAQ/H2 section; D. Improve calculator CTA; E. Create shareable calculator result,85
Ranking position 8-30,cruise cost calculator,All pages query export,0,5,0%,9.2,All,All,Last 3 months export; effective data 2026-05-26 to 2026-06-12,"Query has 5 impressions, 0 clicks, position 9.2.",/calculator,A. Rewrite title/meta only if approved; B. Add FAQ/H2; C. Add internal links,84
Page-filter validation: Ranking position 8-30,cruise cost calculator,/,0,5,0%,9.2,All,All,Last 3 months page filter; effective data 2026-05-26 to 2026-06-12,This query appeared while filtering /; use it to verify target-page fit and cannibalization.,/calculator,A. Rewrite title/meta only if approved; B. Add FAQ/H2; C. Add internal links,84
Ranking position 30-70,royal caribbean gratuity calculator,All pages query export,0,1,0%,35,All,All,Last 3 months export; effective data 2026-05-26 to 2026-06-12,"Query has 1 impressions, 0 clicks, position 35.",/calculator/royal-caribbean,B. Add Royal-specific gratuity FAQ/H2; C. Add internal links; D. Improve line calculator CTA,84
Page-filter validation: Ranking position 30-70,royal caribbean gratuity calculator,/calculator/royal-caribbean,0,1,0%,35,All,All,Last 3 months page filter; effective data 2026-05-26 to 2026-06-12,This query appeared while filtering /calculator/royal-caribbean; use it to verify target-page fit and cannibalization.,/calculator/royal-caribbean,B. Add Royal-specific gratuity FAQ/H2; C. Add internal links; D. Improve line calculator CTA,84
Ranking position 8-30,is cruise drink package worth it 2026,All pages query export,0,2,0%,16.5,All,All,Last 3 months export; effective data 2026-05-26 to 2026-06-12,"Query has 2 impressions, 0 clicks, position 16.5.",/guides/drink-package-guide,B. Add FAQ/H2 section; D. Improve calculator CTA; E. Create shareable calculator result,83
Page-filter validation: Ranking position 8-30,is cruise drink package worth it 2026,/guides/drink-package-guide,0,2,0%,16.5,All,All,Last 3 months page filter; effective data 2026-05-26 to 2026-06-12,This query appeared while filtering /guides/drink-package-guide; use it to verify target-page fit and cannibalization.,/guides/drink-package-guide,B. Add FAQ/H2 section; D. Improve calculator CTA; E. Create shareable calculator result,83
Ranking position 8-30,3 drinks per day,All pages query export,0,1,0%,8,All,All,Last 3 months export; effective data 2026-05-26 to 2026-06-12,"Query has 1 impressions, 0 clicks, position 8.",/guides/drink-package-guide,B. Add FAQ/H2 section; D. Improve calculator CTA; E. Create shareable calculator result,83
Page-filter validation: Ranking position 8-30,3 drinks per day,/guides/drink-package-guide,0,1,0%,8,All,All,Last 3 months page filter; effective data 2026-05-26 to 2026-06-12,This query appeared while filtering /guides/drink-package-guide; use it to verify target-page fit and cannibalization.,/guides/drink-package-guide,B. Add FAQ/H2 section; D. Improve calculator CTA; E. Create shareable calculator result,83
Ranking position 8-30,cruise calculator,All pages query export,2,9,22.22%,12.22,All,All,Last 3 months export; effective data 2026-05-26 to 2026-06-12,"Query has 9 impressions, 2 clicks, position 12.22.",/calculator,A. Rewrite title/meta only if approved; B. Add FAQ/H2; C. Add internal links,82
Page-filter validation: Ranking position 8-30,cruise calculator,/,2,8,25%,8.38,All,All,Last 3 months page filter; effective data 2026-05-26 to 2026-06-12,This query appeared while filtering /; use it to verify target-page fit and cannibalization.,/calculator,A. Rewrite title/meta only if approved; B. Add FAQ/H2; C. Add internal links,82
Ranking position 8-30,cruise+calculator,All pages query export,0,4,0%,10.75,All,All,Last 3 months export; effective data 2026-05-26 to 2026-06-12,"Query has 4 impressions, 0 clicks, position 10.75.",/calculator,A. Rewrite title/meta only if approved; B. Add FAQ/H2; C. Add internal links,82
Ranking position 8-30,how much is a royal caribbean cruise,All pages query export,0,4,0%,20.75,All,All,Last 3 months export; effective data 2026-05-26 to 2026-06-12,"Query has 4 impressions, 0 clicks, position 20.75.",/calculator/royal-caribbean,B. Add line-specific FAQ/H2 section; C. Add internal links,82
Page-filter validation: Ranking position 8-30,how much is a royal caribbean cruise,/calculator/royal-caribbean,0,4,0%,20.75,All,All,Last 3 months page filter; effective data 2026-05-26 to 2026-06-12,This query appeared while filtering /calculator/royal-caribbean; use it to verify target-page fit and cannibalization.,/calculator/royal-caribbean,B. Add line-specific FAQ/H2 section; C. Add internal links,82
Page-filter validation: Ranking position 8-30,cruise+calculator,/,0,4,0%,10.75,All,All,Last 3 months page filter; effective data 2026-05-26 to 2026-06-12,This query appeared while filtering /; use it to verify target-page fit and cannibalization.,/calculator,A. Rewrite title/meta only if approved; B. Add FAQ/H2; C. Add internal links,82
Ranking position 8-30,"what is the best way to estimate the true total cruise cost including 
taxes, port fees, and daily gratuities?",All pages query export,0,2,0%,8.5,All,All,Last 3 months export; effective data 2026-05-26 to 2026-06-12,"Query has 2 impressions, 0 clicks, position 8.5.",/calculator,B. Add FAQ/H2 section; D. Improve calculator CTA; E. Create shareable calculator result,82
Ranking position 8-30,calculator+cruise,All pages query export,0,2,0%,9.5,All,All,Last 3 months export; effective data 2026-05-26 to 2026-06-12,"Query has 2 impressions, 0 clicks, position 9.5.",/calculator,A. Rewrite title/meta only if approved; B. Add FAQ/H2; C. Add internal links,82
Ranking position 8-30,cost of royal caribbean cruise,All pages query export,0,2,0%,19,All,All,Last 3 months export; effective data 2026-05-26 to 2026-06-12,"Query has 2 impressions, 0 clicks, position 19.",/calculator/royal-caribbean,B. Add line-specific FAQ/H2 section; C. Add internal links,82
Page-filter validation: Ranking position 8-30,cost of royal caribbean cruise,/calculator/royal-caribbean,0,2,0%,19,All,All,Last 3 months page filter; effective data 2026-05-26 to 2026-06-12,This query appeared while filtering /calculator/royal-caribbean; use it to verify target-page fit and cannibalization.,/calculator/royal-caribbean,B. Add line-specific FAQ/H2 section; C. Add internal links,82
Page-filter validation: Ranking position 8-30,calculator+cruise,/,0,2,0%,9.5,All,All,Last 3 months page filter; effective data 2026-05-26 to 2026-06-12,This query appeared while filtering /; use it to verify target-page fit and cannibalization.,/calculator,A. Rewrite title/meta only if approved; B. Add FAQ/H2; C. Add internal links,82
Ranking position 8-30,how much is royal caribbean cruise,All pages query export,0,1,0%,21,All,All,Last 3 months export; effective data 2026-05-26 to 2026-06-12,"Query has 1 impressions, 0 clicks, position 21.",/calculator/royal-caribbean,B. Add line-specific FAQ/H2 section; C. Add internal links,82
Page-filter validation: Small content improvement,"what is the best way to estimate the true total cruise cost including 
taxes, port fees, and daily gratuities?",/calculator,0,1,0%,6,All,All,Last 3 months page filter; effective data 2026-05-26 to 2026-06-12,This query appeared while filtering /calculator; use it to verify target-page fit and cannibalization.,/calculator,B. Add FAQ/H2 section; D. Improve calculator CTA; E. Create shareable calculator result,82
Page-filter validation: Ranking position 30-70,cruise calculator,/calculator,0,1,0%,43,All,All,Last 3 months page filter; effective data 2026-05-26 to 2026-06-12,This query appeared while filtering /calculator; use it to verify target-page fit and cannibalization.,/calculator,A. Rewrite title/meta only if approved; B. Add FAQ/H2; C. Add internal links,82
Page-filter validation: Ranking position 8-30,how much is royal caribbean cruise,/calculator/royal-caribbean,0,1,0%,21,All,All,Last 3 months page filter; effective data 2026-05-26 to 2026-06-12,This query appeared while filtering /calculator/royal-caribbean; use it to verify target-page fit and cannibalization.,/calculator/royal-caribbean,B. Add line-specific FAQ/H2 section; C. Add internal links,82
Page-filter validation: Ranking position 8-30,"what is the best way to estimate the true total cruise cost including 
taxes, port fees, and daily gratuities?",/,0,1,0%,11,All,All,Last 3 months page filter; effective data 2026-05-26 to 2026-06-12,This query appeared while filtering /; use it to verify target-page fit and cannibalization.,/calculator,B. Add FAQ/H2 section; D. Improve calculator CTA; E. Create shareable calculator result,82
Ranking position 30-70,cruise gratuity calculator,All pages query export,0,2,0%,61.5,All,All,Last 3 months export; effective data 2026-05-26 to 2026-06-12,"Query has 2 impressions, 0 clicks, position 61.5.",/guides/cruise-tipping-guide,B. Add FAQ/H2 section; C. Add internal links; D. Improve calculator CTA,80
Page-filter validation: Small content improvement,cruise gratuity calculator,/calculator,0,1,0%,84,All,All,Last 3 months page filter; effective data 2026-05-26 to 2026-06-12,This query appeared while filtering /calculator; use it to verify target-page fit and cannibalization.,/guides/cruise-tipping-guide,B. Add FAQ/H2 section; C. Add internal links; D. Improve calculator CTA,80
Page-filter validation: Small content improvement,cruise gratuity calculator,/,0,1,0%,77,All,All,Last 3 months page filter; effective data 2026-05-26 to 2026-06-12,This query appeared while filtering /; use it to verify target-page fit and cannibalization.,/guides/cruise-tipping-guide,B. Add FAQ/H2 section; C. Add internal links; D. Improve calculator CTA,80
High impressions / weak CTR,cruise price comparison tool,All pages query export,0,12,0%,42.75,All,All,Last 3 months export; effective data 2026-05-26 to 2026-06-12,"Query has 12 impressions, 0 clicks, position 42.75.",/compare,H. Defer from SEO cost sprint; comparison intent is separate from real-cost calculator intent,35
Page-filter validation: High impressions / weak CTR,cruise price comparison tool,/,0,12,0%,42.75,All,All,Last 3 months page filter; effective data 2026-05-26 to 2026-06-12,This query appeared while filtering /; use it to verify target-page fit and cannibalization.,/compare,H. Defer from SEO cost sprint; comparison intent is separate from real-cost calculator intent,35
Small content improvement,cruise drink calculator,All pages query export,0,1,0%,71,All,All,Last 3 months export; effective data 2026-05-26 to 2026-06-12,"Query has 1 impressions, 0 clicks, position 71.",/guides/drink-package-guide,B. Add FAQ/H2 section; D. Improve calculator CTA; E. Create shareable calculator result,78
Small content improvement,cruise drinks calculator,All pages query export,0,1,0%,76,All,All,Last 3 months export; effective data 2026-05-26 to 2026-06-12,"Query has 1 impressions, 0 clicks, position 76.",/guides/drink-package-guide,B. Add FAQ/H2 section; D. Improve calculator CTA; E. Create shareable calculator result,78
Page-filter validation: Review,cruise price comparison tool,/calculator,0,1,0%,73,All,All,Last 3 months page filter; effective data 2026-05-26 to 2026-06-12,This query appeared while filtering /calculator; use it to verify target-page fit and cannibalization.,/compare,H. Defer from SEO cost sprint; comparison intent is separate from real-cost calculator intent,35
Page-filter validation: Small content improvement,cruise drink calculator,/guides/drink-package-guide,0,1,0%,71,All,All,Last 3 months page filter; effective data 2026-05-26 to 2026-06-12,This query appeared while filtering /guides/drink-package-guide; use it to verify target-page fit and cannibalization.,/guides/drink-package-guide,B. Add FAQ/H2 section; D. Improve calculator CTA; E. Create shareable calculator result,78
Page-filter validation: Small content improvement,cruise drinks calculator,/guides/drink-package-guide,0,1,0%,76,All,All,Last 3 months page filter; effective data 2026-05-26 to 2026-06-12,This query appeared while filtering /guides/drink-package-guide; use it to verify target-page fit and cannibalization.,/guides/drink-package-guide,B. Add FAQ/H2 section; D. Improve calculator CTA; E. Create shareable calculator result,78
Ranking position 30-70,drink packages,All pages query export,0,4,0%,44.5,All,All,Last 3 months export; effective data 2026-05-26 to 2026-06-12,"Query has 4 impressions, 0 clicks, position 44.5.",/guides/drink-package-guide,B. Add FAQ/H2 section; D. Improve calculator CTA; E. Create shareable calculator result,77
Ranking position 30-70,drink package,All pages query export,0,4,0%,49.25,All,All,Last 3 months export; effective data 2026-05-26 to 2026-06-12,"Query has 4 impressions, 0 clicks, position 49.25.",/guides/drink-package-guide,B. Add FAQ/H2 section; D. Improve calculator CTA; E. Create shareable calculator result,77
Page-filter validation: Ranking position 30-70,drink packages,/guides/drink-package-guide,0,4,0%,44.5,All,All,Last 3 months page filter; effective data 2026-05-26 to 2026-06-12,This query appeared while filtering /guides/drink-package-guide; use it to verify target-page fit and cannibalization.,/guides/drink-package-guide,B. Add FAQ/H2 section; D. Improve calculator CTA; E. Create shareable calculator result,77
Page-filter validation: Ranking position 30-70,drink package,/guides/drink-package-guide,0,4,0%,49.25,All,All,Last 3 months page filter; effective data 2026-05-26 to 2026-06-12,This query appeared while filtering /guides/drink-package-guide; use it to verify target-page fit and cannibalization.,/guides/drink-package-guide,B. Add FAQ/H2 section; D. Improve calculator CTA; E. Create shareable calculator result,77
Ranking position 30-70,how much is a cruise drink package,All pages query export,0,3,0%,60,All,All,Last 3 months export; effective data 2026-05-26 to 2026-06-12,"Query has 3 impressions, 0 clicks, position 60.",/guides/drink-package-guide,B. Add FAQ/H2 section; D. Improve calculator CTA; E. Create shareable calculator result,77
Page-filter validation: Ranking position 30-70,how much is a cruise drink package,/guides/drink-package-guide,0,3,0%,60,All,All,Last 3 months page filter; effective data 2026-05-26 to 2026-06-12,This query appeared while filtering /guides/drink-package-guide; use it to verify target-page fit and cannibalization.,/guides/drink-package-guide,B. Add FAQ/H2 section; D. Improve calculator CTA; E. Create shareable calculator result,77
Ranking position 30-70,drinks package,All pages query export,0,2,0%,54.5,All,All,Last 3 months export; effective data 2026-05-26 to 2026-06-12,"Query has 2 impressions, 0 clicks, position 54.5.",/guides/drink-package-guide,B. Add FAQ/H2 section; D. Improve calculator CTA; E. Create shareable calculator result,77
Ranking position 30-70,how much are drinks on a cruise ship,All pages query export,0,2,0%,56,All,All,Last 3 months export; effective data 2026-05-26 to 2026-06-12,"Query has 2 impressions, 0 clicks, position 56.",/guides/drink-package-guide,B. Add FAQ/H2 section; D. Improve calculator CTA; E. Create shareable calculator result,77
Ranking position 30-70,how much is a drink package on a cruise,All pages query export,0,2,0%,59.5,All,All,Last 3 months export; effective data 2026-05-26 to 2026-06-12,"Query has 2 impressions, 0 clicks, position 59.5.",/guides/drink-package-guide,B. Add FAQ/H2 section; D. Improve calculator CTA; E. Create shareable calculator result,77
Page-filter validation: Ranking position 30-70,drinks package,/guides/drink-package-guide,0,2,0%,54.5,All,All,Last 3 months page filter; effective data 2026-05-26 to 2026-06-12,This query appeared while filtering /guides/drink-package-guide; use it to verify target-page fit and cannibalization.,/guides/drink-package-guide,B. Add FAQ/H2 section; D. Improve calculator CTA; E. Create shareable calculator result,77
Page-filter validation: Ranking position 30-70,how much are drinks on a cruise ship,/guides/drink-package-guide,0,2,0%,56,All,All,Last 3 months page filter; effective data 2026-05-26 to 2026-06-12,This query appeared while filtering /guides/drink-package-guide; use it to verify target-page fit and cannibalization.,/guides/drink-package-guide,B. Add FAQ/H2 section; D. Improve calculator CTA; E. Create shareable calculator result,77
Page-filter validation: Ranking position 30-70,how much is a drink package on a cruise,/guides/drink-package-guide,0,2,0%,59.5,All,All,Last 3 months page filter; effective data 2026-05-26 to 2026-06-12,This query appeared while filtering /guides/drink-package-guide; use it to verify target-page fit and cannibalization.,/guides/drink-package-guide,B. Add FAQ/H2 section; D. Improve calculator CTA; E. Create shareable calculator result,77
Ranking position 30-70,alcoholic drink package,All pages query export,0,1,0%,39,All,All,Last 3 months export; effective data 2026-05-26 to 2026-06-12,"Query has 1 impressions, 0 clicks, position 39.",/guides/drink-package-guide,B. Add FAQ/H2 section; D. Improve calculator CTA; E. Create shareable calculator result,77
Ranking position 30-70,beverage packages,All pages query export,0,1,0%,40,All,All,Last 3 months export; effective data 2026-05-26 to 2026-06-12,"Query has 1 impressions, 0 clicks, position 40.",/guides/drink-package-guide,B. Add FAQ/H2 section; D. Improve calculator CTA; E. Create shareable calculator result,77
Ranking position 30-70,food and beverage package,All pages query export,0,1,0%,43,All,All,Last 3 months export; effective data 2026-05-26 to 2026-06-12,"Query has 1 impressions, 0 clicks, position 43.",/guides/drink-package-guide,B. Add FAQ/H2 section; D. Improve calculator CTA; E. Create shareable calculator result,77
Ranking position 30-70,beverage package,All pages query export,0,1,0%,49,All,All,Last 3 months export; effective data 2026-05-26 to 2026-06-12,"Query has 1 impressions, 0 clicks, position 49.",/guides/drink-package-guide,B. Add FAQ/H2 section; D. Improve calculator CTA; E. Create shareable calculator result,77
Ranking position 30-70,how much are cruise drink packages,All pages query export,0,1,0%,54,All,All,Last 3 months export; effective data 2026-05-26 to 2026-06-12,"Query has 1 impressions, 0 clicks, position 54.",/guides/drink-package-guide,B. Add FAQ/H2 section; D. Improve calculator CTA; E. Create shareable calculator result,77
Ranking position 30-70,which cruise line has the cheapest drink package,All pages query export,0,1,0%,58,All,All,Last 3 months export; effective data 2026-05-26 to 2026-06-12,"Query has 1 impressions, 0 clicks, position 58.",/guides/drink-package-guide,B. Add FAQ/H2 section; D. Improve calculator CTA; E. Create shareable calculator result,77
Ranking position 30-70,cruise line costs,All pages query export,0,1,0%,59,All,All,Last 3 months export; effective data 2026-05-26 to 2026-06-12,"Query has 1 impressions, 0 clicks, position 59.",/calculator,A. Rewrite title/meta only if approved; B. Add FAQ/H2; C. Add internal links,77
Ranking position 30-70,how much is a drink on a cruise ship,All pages query export,0,1,0%,61,All,All,Last 3 months export; effective data 2026-05-26 to 2026-06-12,"Query has 1 impressions, 0 clicks, position 61.",/guides/drink-package-guide,B. Add FAQ/H2 section; D. Improve calculator CTA; E. Create shareable calculator result,77
Ranking position 30-70,how much is the drink package on a cruise,All pages query export,0,1,0%,61,All,All,Last 3 months export; effective data 2026-05-26 to 2026-06-12,"Query has 1 impressions, 0 clicks, position 61.",/guides/drink-package-guide,B. Add FAQ/H2 section; D. Improve calculator CTA; E. Create shareable calculator result,77
Ranking position 30-70,how much are drink packages on cruises,All pages query export,0,1,0%,67,All,All,Last 3 months export; effective data 2026-05-26 to 2026-06-12,"Query has 1 impressions, 0 clicks, position 67.",/guides/drink-package-guide,B. Add FAQ/H2 section; D. Improve calculator CTA; E. Create shareable calculator result,77
Page-filter validation: Ranking position 30-70,alcoholic drink package,/guides/drink-package-guide,0,1,0%,39,All,All,Last 3 months page filter; effective data 2026-05-26 to 2026-06-12,This query appeared while filtering /guides/drink-package-guide; use it to verify target-page fit and cannibalization.,/guides/drink-package-guide,B. Add FAQ/H2 section; D. Improve calculator CTA; E. Create shareable calculator result,77
Page-filter validation: Ranking position 30-70,beverage packages,/guides/drink-package-guide,0,1,0%,40,All,All,Last 3 months page filter; effective data 2026-05-26 to 2026-06-12,This query appeared while filtering /guides/drink-package-guide; use it to verify target-page fit and cannibalization.,/guides/drink-package-guide,B. Add FAQ/H2 section; D. Improve calculator CTA; E. Create shareable calculator result,77
Page-filter validation: Ranking position 30-70,food and beverage package,/guides/drink-package-guide,0,1,0%,43,All,All,Last 3 months page filter; effective data 2026-05-26 to 2026-06-12,This query appeared while filtering /guides/drink-package-guide; use it to verify target-page fit and cannibalization.,/guides/drink-package-guide,B. Add FAQ/H2 section; D. Improve calculator CTA; E. Create shareable calculator result,77
Page-filter validation: Ranking position 30-70,beverage package,/guides/drink-package-guide,0,1,0%,49,All,All,Last 3 months page filter; effective data 2026-05-26 to 2026-06-12,This query appeared while filtering /guides/drink-package-guide; use it to verify target-page fit and cannibalization.,/guides/drink-package-guide,B. Add FAQ/H2 section; D. Improve calculator CTA; E. Create shareable calculator result,77
Page-filter validation: Ranking position 30-70,how much are cruise drink packages,/guides/drink-package-guide,0,1,0%,54,All,All,Last 3 months page filter; effective data 2026-05-26 to 2026-06-12,This query appeared while filtering /guides/drink-package-guide; use it to verify target-page fit and cannibalization.,/guides/drink-package-guide,B. Add FAQ/H2 section; D. Improve calculator CTA; E. Create shareable calculator result,77
Page-filter validation: Ranking position 30-70,which cruise line has the cheapest drink package,/guides/drink-package-guide,0,1,0%,58,All,All,Last 3 months page filter; effective data 2026-05-26 to 2026-06-12,This query appeared while filtering /guides/drink-package-guide; use it to verify target-page fit and cannibalization.,/guides/drink-package-guide,B. Add FAQ/H2 section; D. Improve calculator CTA; E. Create shareable calculator result,77
Page-filter validation: Ranking position 30-70,how much is a drink on a cruise ship,/guides/drink-package-guide,0,1,0%,61,All,All,Last 3 months page filter; effective data 2026-05-26 to 2026-06-12,This query appeared while filtering /guides/drink-package-guide; use it to verify target-page fit and cannibalization.,/guides/drink-package-guide,B. Add FAQ/H2 section; D. Improve calculator CTA; E. Create shareable calculator result,77
Page-filter validation: Ranking position 30-70,how much is the drink package on a cruise,/guides/drink-package-guide,0,1,0%,61,All,All,Last 3 months page filter; effective data 2026-05-26 to 2026-06-12,This query appeared while filtering /guides/drink-package-guide; use it to verify target-page fit and cannibalization.,/guides/drink-package-guide,B. Add FAQ/H2 section; D. Improve calculator CTA; E. Create shareable calculator result,77
Page-filter validation: Ranking position 30-70,how much are drink packages on cruises,/guides/drink-package-guide,0,1,0%,67,All,All,Last 3 months page filter; effective data 2026-05-26 to 2026-06-12,This query appeared while filtering /guides/drink-package-guide; use it to verify target-page fit and cannibalization.,/guides/drink-package-guide,B. Add FAQ/H2 section; D. Improve calculator CTA; E. Create shareable calculator result,77
Page-filter validation: Ranking position 30-70,cruise line costs,/,0,1,0%,59,All,All,Last 3 months page filter; effective data 2026-05-26 to 2026-06-12,This query appeared while filtering /; use it to verify target-page fit and cannibalization.,/calculator,A. Rewrite title/meta only if approved; B. Add FAQ/H2; C. Add internal links,77
Ranking position 30-70,cruise tip calculator,All pages query export,0,4,0%,70,All,All,Last 3 months export; effective data 2026-05-26 to 2026-06-12,"Query has 4 impressions, 0 clicks, position 70.",/guides/cruise-tipping-guide,B. Add FAQ/H2 section; C. Add internal links; D. Improve calculator CTA,76
Ranking position 30-70,cruise gratuities calculator,All pages query export,0,3,0%,58.67,All,All,Last 3 months export; effective data 2026-05-26 to 2026-06-12,"Query has 3 impressions, 0 clicks, position 58.67.",/guides/cruise-tipping-guide,B. Add FAQ/H2 section; C. Add internal links; D. Improve calculator CTA,76
Ranking position 30-70,cruise ship tour price,All pages query export,0,3,0%,64,All,All,Last 3 months export; effective data 2026-05-26 to 2026-06-12,"Query has 3 impressions, 0 clicks, position 64.",/calculator,A. Rewrite title/meta only if approved; B. Add FAQ/H2; C. Add internal links,76
Page-filter validation: Ranking position 30-70,cruise ship tour price,/,0,3,0%,64,All,All,Last 3 months page filter; effective data 2026-05-26 to 2026-06-12,This query appeared while filtering /; use it to verify target-page fit and cannibalization.,/calculator,A. Rewrite title/meta only if approved; B. Add FAQ/H2; C. Add internal links,76
Page-filter validation: Small content improvement,cruise tip calculator,/,0,3,0%,73.33,All,All,Last 3 months page filter; effective data 2026-05-26 to 2026-06-12,This query appeared while filtering /; use it to verify target-page fit and cannibalization.,/guides/cruise-tipping-guide,B. Add FAQ/H2 section; C. Add internal links; D. Improve calculator CTA,76
Ranking position 30-70,average royal caribbean cruise cost,All pages query export,0,2,0%,32,All,All,Last 3 months export; effective data 2026-05-26 to 2026-06-12,"Query has 2 impressions, 0 clicks, position 32.",/calculator/royal-caribbean,B. Add line-specific FAQ/H2 section; C. Add internal links,76
Ranking position 30-70,royal caribbean cruise cost,All pages query export,0,2,0%,42,All,All,Last 3 months export; effective data 2026-05-26 to 2026-06-12,"Query has 2 impressions, 0 clicks, position 42.",/calculator/royal-caribbean,B. Add line-specific FAQ/H2 section; C. Add internal links,76
Ranking position 30-70,how much is a cruise ship worth,All pages query export,0,2,0%,53,All,All,Last 3 months export; effective data 2026-05-26 to 2026-06-12,"Query has 2 impressions, 0 clicks, position 53.",/calculator,Review manually,76
Ranking position 30-70,how to monitor cruise prices,All pages query export,0,2,0%,61,All,All,Last 3 months export; effective data 2026-05-26 to 2026-06-12,"Query has 2 impressions, 0 clicks, position 61.",/calculator,A. Rewrite title/meta only if approved; B. Add FAQ/H2; C. Add internal links,76
Page-filter validation: Ranking position 30-70,cruise gratuities calculator,/calculator,0,2,0%,68,All,All,Last 3 months page filter; effective data 2026-05-26 to 2026-06-12,This query appeared while filtering /calculator; use it to verify target-page fit and cannibalization.,/guides/cruise-tipping-guide,B. Add FAQ/H2 section; C. Add internal links; D. Improve calculator CTA,76
Page-filter validation: Ranking position 30-70,average royal caribbean cruise cost,/calculator/royal-caribbean,0,2,0%,32,All,All,Last 3 months page filter; effective data 2026-05-26 to 2026-06-12,This query appeared while filtering /calculator/royal-caribbean; use it to verify target-page fit and cannibalization.,/calculator/royal-caribbean,B. Add line-specific FAQ/H2 section; C. Add internal links,76
Page-filter validation: Ranking position 30-70,royal caribbean cruise cost,/calculator/royal-caribbean,0,2,0%,42,All,All,Last 3 months page filter; effective data 2026-05-26 to 2026-06-12,This query appeared while filtering /calculator/royal-caribbean; use it to verify target-page fit and cannibalization.,/calculator/royal-caribbean,B. Add line-specific FAQ/H2 section; C. Add internal links,76
Page-filter validation: Ranking position 30-70,cruise gratuities calculator,/cruise-costs,0,2,0%,65.5,All,All,Last 3 months page filter; effective data 2026-05-26 to 2026-06-12,This query appeared while filtering /cruise-costs; use it to verify target-page fit and cannibalization.,/guides/cruise-tipping-guide,B. Add FAQ/H2 section; C. Add internal links; D. Improve calculator CTA,76
Page-filter validation: Ranking position 30-70,how much is a cruise ship worth,/,0,2,0%,53,All,All,Last 3 months page filter; effective data 2026-05-26 to 2026-06-12,This query appeared while filtering /; use it to verify target-page fit and cannibalization.,/calculator,Review manually,76
Page-filter validation: Ranking position 30-70,cruise gratuities calculator,/,0,2,0%,55.5,All,All,Last 3 months page filter; effective data 2026-05-26 to 2026-06-12,This query appeared while filtering /; use it to verify target-page fit and cannibalization.,/guides/cruise-tipping-guide,B. Add FAQ/H2 section; C. Add internal links; D. Improve calculator CTA,76
Ranking position 30-70,royal caribbean cruise fare,All pages query export,0,1,0%,34,All,All,Last 3 months export; effective data 2026-05-26 to 2026-06-12,"Query has 1 impressions, 0 clicks, position 34.",/calculator/royal-caribbean,B. Add line-specific FAQ/H2 section; C. Add internal links,76
Ranking position 30-70,royal caribbean cost,All pages query export,0,1,0%,38,All,All,Last 3 months export; effective data 2026-05-26 to 2026-06-12,"Query has 1 impressions, 0 clicks, position 38.",/calculator/royal-caribbean,B. Add line-specific FAQ/H2 section; C. Add internal links,76
Ranking position 30-70,how much are royal caribbean cruises,All pages query export,0,1,0%,46,All,All,Last 3 months export; effective data 2026-05-26 to 2026-06-12,"Query has 1 impressions, 0 clicks, position 46.",/calculator/royal-caribbean,B. Add line-specific FAQ/H2 section; C. Add internal links,76
Ranking position 30-70,royal caribbean vs disney cruise,All pages query export,0,1,0%,47,All,All,Last 3 months export; effective data 2026-05-26 to 2026-06-12,"Query has 1 impressions, 0 clicks, position 47.",/calculator/royal-caribbean,B. Add line-specific FAQ/H2 section; C. Add internal links,76
Ranking position 30-70,track cruise prices,All pages query export,0,1,0%,51,All,All,Last 3 months export; effective data 2026-05-26 to 2026-06-12,"Query has 1 impressions, 0 clicks, position 51.",/calculator,A. Rewrite title/meta only if approved; B. Add FAQ/H2; C. Add internal links,76
Ranking position 30-70,cruise ship tour cost,All pages query export,0,1,0%,56,All,All,Last 3 months export; effective data 2026-05-26 to 2026-06-12,"Query has 1 impressions, 0 clicks, position 56.",/calculator,A. Rewrite title/meta only if approved; B. Add FAQ/H2; C. Add internal links,76
Ranking position 30-70,cruise cost,All pages query export,0,1,0%,57,All,All,Last 3 months export; effective data 2026-05-26 to 2026-06-12,"Query has 1 impressions, 0 clicks, position 57.",/calculator,A. Rewrite title/meta only if approved; B. Add FAQ/H2; C. Add internal links,76
Ranking position 30-70,the key royal caribbean cost,All pages query export,0,1,0%,59,All,All,Last 3 months export; effective data 2026-05-26 to 2026-06-12,"Query has 1 impressions, 0 clicks, position 59.",/calculator/royal-caribbean,B. Add line-specific FAQ/H2 section; C. Add internal links,76
Ranking position 30-70,disney cruise vs royal caribbean size,All pages query export,0,1,0%,65,All,All,Last 3 months export; effective data 2026-05-26 to 2026-06-12,"Query has 1 impressions, 0 clicks, position 65.",/calculator/royal-caribbean,B. Add line-specific FAQ/H2 section; C. Add internal links,76
Ranking position 30-70,are cruise prices per person or room,All pages query export,0,1,0%,67,All,All,Last 3 months export; effective data 2026-05-26 to 2026-06-12,"Query has 1 impressions, 0 clicks, position 67.",/calculator,A. Rewrite title/meta only if approved; B. Add FAQ/H2; C. Add internal links,76
Ranking position 30-70,average cost of a 5 day cruise,All pages query export,0,1,0%,67,All,All,Last 3 months export; effective data 2026-05-26 to 2026-06-12,"Query has 1 impressions, 0 clicks, position 67.",/calculator,A. Rewrite title/meta only if approved; B. Add FAQ/H2; C. Add internal links,76
Ranking position 30-70,cruise ship ticket cost,All pages query export,0,1,0%,69,All,All,Last 3 months export; effective data 2026-05-26 to 2026-06-12,"Query has 1 impressions, 0 clicks, position 69.",/calculator,A. Rewrite title/meta only if approved; B. Add FAQ/H2; C. Add internal links,76
Ranking position 30-70,how much money should you bring on a cruise,All pages query export,0,1,0%,69,All,All,Last 3 months export; effective data 2026-05-26 to 2026-06-12,"Query has 1 impressions, 0 clicks, position 69.",/calculator,Review manually,76
Ranking position 30-70,cruise ship travel cost,All pages query export,0,1,0%,70,All,All,Last 3 months export; effective data 2026-05-26 to 2026-06-12,"Query has 1 impressions, 0 clicks, position 70.",/calculator,A. Rewrite title/meta only if approved; B. Add FAQ/H2; C. Add internal links,76
Page-filter validation: Small content improvement,cruise tip calculator,/calculator,0,1,0%,71,All,All,Last 3 months page filter; effective data 2026-05-26 to 2026-06-12,This query appeared while filtering /calculator; use it to verify target-page fit and cannibalization.,/guides/cruise-tipping-guide,B. Add FAQ/H2 section; C. Add internal links; D. Improve calculator CTA,76
Page-filter validation: Ranking position 30-70,royal caribbean cruise fare,/calculator/royal-caribbean,0,1,0%,34,All,All,Last 3 months page filter; effective data 2026-05-26 to 2026-06-12,This query appeared while filtering /calculator/royal-caribbean; use it to verify target-page fit and cannibalization.,/calculator/royal-caribbean,B. Add line-specific FAQ/H2 section; C. Add internal links,76
Page-filter validation: Ranking position 30-70,royal caribbean cost,/calculator/royal-caribbean,0,1,0%,38,All,All,Last 3 months page filter; effective data 2026-05-26 to 2026-06-12,This query appeared while filtering /calculator/royal-caribbean; use it to verify target-page fit and cannibalization.,/calculator/royal-caribbean,B. Add line-specific FAQ/H2 section; C. Add internal links,76
Page-filter validation: Ranking position 30-70,how much are royal caribbean cruises,/calculator/royal-caribbean,0,1,0%,46,All,All,Last 3 months page filter; effective data 2026-05-26 to 2026-06-12,This query appeared while filtering /calculator/royal-caribbean; use it to verify target-page fit and cannibalization.,/calculator/royal-caribbean,B. Add line-specific FAQ/H2 section; C. Add internal links,76
Page-filter validation: Ranking position 30-70,the key royal caribbean cost,/calculator/royal-caribbean,0,1,0%,59,All,All,Last 3 months page filter; effective data 2026-05-26 to 2026-06-12,This query appeared while filtering /calculator/royal-caribbean; use it to verify target-page fit and cannibalization.,/calculator/royal-caribbean,B. Add line-specific FAQ/H2 section; C. Add internal links,76
Page-filter validation: Ranking position 30-70,how to monitor cruise prices,/cruise-costs,0,1,0%,47,All,All,Last 3 months page filter; effective data 2026-05-26 to 2026-06-12,This query appeared while filtering /cruise-costs; use it to verify target-page fit and cannibalization.,/calculator,A. Rewrite title/meta only if approved; B. Add FAQ/H2; C. Add internal links,76
Page-filter validation: Ranking position 30-70,track cruise prices,/,0,1,0%,51,All,All,Last 3 months page filter; effective data 2026-05-26 to 2026-06-12,This query appeared while filtering /; use it to verify target-page fit and cannibalization.,/calculator,A. Rewrite title/meta only if approved; B. Add FAQ/H2; C. Add internal links,76
Page-filter validation: Ranking position 30-70,cruise ship tour cost,/,0,1,0%,56,All,All,Last 3 months page filter; effective data 2026-05-26 to 2026-06-12,This query appeared while filtering /; use it to verify target-page fit and cannibalization.,/calculator,A. Rewrite title/meta only if approved; B. Add FAQ/H2; C. Add internal links,76
Page-filter validation: Ranking position 30-70,cruise cost,/,0,1,0%,57,All,All,Last 3 months page filter; effective data 2026-05-26 to 2026-06-12,This query appeared while filtering /; use it to verify target-page fit and cannibalization.,/calculator,A. Rewrite title/meta only if approved; B. Add FAQ/H2; C. Add internal links,76
Page-filter validation: Ranking position 30-70,are cruise prices per person or room,/,0,1,0%,67,All,All,Last 3 months page filter; effective data 2026-05-26 to 2026-06-12,This query appeared while filtering /; use it to verify target-page fit and cannibalization.,/calculator,A. Rewrite title/meta only if approved; B. Add FAQ/H2; C. Add internal links,76
Page-filter validation: Ranking position 30-70,average cost of a 5 day cruise,/,0,1,0%,67,All,All,Last 3 months page filter; effective data 2026-05-26 to 2026-06-12,This query appeared while filtering /; use it to verify target-page fit and cannibalization.,/calculator,A. Rewrite title/meta only if approved; B. Add FAQ/H2; C. Add internal links,76
Page-filter validation: Ranking position 30-70,cruise ship ticket cost,/,0,1,0%,69,All,All,Last 3 months page filter; effective data 2026-05-26 to 2026-06-12,This query appeared while filtering /; use it to verify target-page fit and cannibalization.,/calculator,A. Rewrite title/meta only if approved; B. Add FAQ/H2; C. Add internal links,76
Page-filter validation: Ranking position 30-70,how much money should you bring on a cruise,/,0,1,0%,69,All,All,Last 3 months page filter; effective data 2026-05-26 to 2026-06-12,This query appeared while filtering /; use it to verify target-page fit and cannibalization.,/calculator,Review manually,76
Page-filter validation: Ranking position 30-70,cruise ship travel cost,/,0,1,0%,70,All,All,Last 3 months page filter; effective data 2026-05-26 to 2026-06-12,This query appeared while filtering /; use it to verify target-page fit and cannibalization.,/calculator,A. Rewrite title/meta only if approved; B. Add FAQ/H2; C. Add internal links,76
Page-filter validation: Review,how to monitor cruise prices,/,0,1,0%,75,All,All,Last 3 months page filter; effective data 2026-05-26 to 2026-06-12,This query appeared while filtering /; use it to verify target-page fit and cannibalization.,/calculator,A. Rewrite title/meta only if approved; B. Add FAQ/H2; C. Add internal links,76
Small content improvement,"which trusted tools/calculators help estimate an all-in cruise cost, 
including onboard add-ons (drinks, wi‑fi, gratuities, excursions, specialty 
dining)?",All pages query export,0,6,0%,3.83,All,All,Last 3 months export; effective data 2026-05-26 to 2026-06-12,"Query has 6 impressions, 0 clicks, position 3.83.",/calculator,B. Add FAQ/H2 section; D. Improve calculator CTA; E. Create shareable calculator result,75
Page-filter validation: Small content improvement,"which trusted tools/calculators help estimate an all-in cruise cost, 
including onboard add-ons (drinks, wi‑fi, gratuities, excursions, specialty 
dining)?",/calculator,0,6,0%,3.83,All,All,Last 3 months page filter; effective data 2026-05-26 to 2026-06-12,This query appeared while filtering /calculator; use it to verify target-page fit and cannibalization.,/calculator,B. Add FAQ/H2 section; D. Improve calculator CTA; E. Create shareable calculator result,75
Small content improvement,celebrity cruises drink package vs virgin voyages bar tab,All pages query export,0,1,0%,3,All,All,Last 3 months export; effective data 2026-05-26 to 2026-06-12,"Query has 1 impressions, 0 clicks, position 3.",/guides/drink-package-guide,B. Add FAQ/H2 section; D. Improve calculator CTA; E. Create shareable calculator result,75
Small content improvement,"how can trusted tools estimate the real out-the-door price for a budget 
30-day cruise with minimal extras?",All pages query export,0,1,0%,6,All,All,Last 3 months export; effective data 2026-05-26 to 2026-06-12,"Query has 1 impressions, 0 clicks, position 6.",/calculator,A. Rewrite title/meta only if approved; B. Add FAQ/H2; C. Add internal links,74
Small content improvement,average cost virgin voyages vs celebrity caribbean cruise couple,All pages query export,0,1,0%,7,All,All,Last 3 months export; effective data 2026-05-26 to 2026-06-12,"Query has 1 impressions, 0 clicks, position 7.",/calculator,A. Rewrite title/meta only if approved; B. Add FAQ/H2; C. Add internal links,74
Small content improvement,cruise ship drink calculator,All pages query export,0,1,0%,73,All,All,Last 3 months export; effective data 2026-05-26 to 2026-06-12,"Query has 1 impressions, 0 clicks, position 73.",/guides/drink-package-guide,B. Add FAQ/H2 section; D. Improve calculator CTA; E. Create shareable calculator result,74
Page-filter validation: Small content improvement,cruise ship drink calculator,/guides/drink-package-guide,0,1,0%,73,All,All,Last 3 months page filter; effective data 2026-05-26 to 2026-06-12,This query appeared while filtering /guides/drink-package-guide; use it to verify target-page fit and cannibalization.,/guides/drink-package-guide,B. Add FAQ/H2 section; D. Improve calculator CTA; E. Create shareable calculator result,74
Page-filter validation: Small content improvement,"how can trusted tools estimate the real out-the-door price for a budget 
30-day cruise with minimal extras?",/,0,1,0%,6,All,All,Last 3 months page filter; effective data 2026-05-26 to 2026-06-12,This query appeared while filtering /; use it to verify target-page fit and cannibalization.,/calculator,A. Rewrite title/meta only if approved; B. Add FAQ/H2; C. Add internal links,74
High impressions / weak CTR,how much does a cruise cost,All pages query export,0,18,0%,91.83,All,All,Last 3 months export; effective data 2026-05-26 to 2026-06-12,"Query has 18 impressions, 0 clicks, position 91.83.",/calculator,A. Rewrite title/meta only if approved; B. Add FAQ/H2; C. Add internal links,71
Page-filter validation: High impressions / weak CTR,how much does a cruise cost,/calculator,0,11,0%,92.55,All,All,Last 3 months page filter; effective data 2026-05-26 to 2026-06-12,This query appeared while filtering /calculator; use it to verify target-page fit and cannibalization.,/calculator,A. Rewrite title/meta only if approved; B. Add FAQ/H2; C. Add internal links,71
High impressions / weak CTR,how much is a cruise,All pages query export,0,10,0%,90.6,All,All,Last 3 months export; effective data 2026-05-26 to 2026-06-12,"Query has 10 impressions, 0 clicks, position 90.6.",/calculator,Review manually,71
Page-filter validation: Review,how much is a cruise,/,0,7,0%,94.14,All,All,Last 3 months page filter; effective data 2026-05-26 to 2026-06-12,This query appeared while filtering /; use it to verify target-page fit and cannibalization.,/calculator,Review manually,71
Page-filter validation: Small content improvement,how much does a cruise cost,/,0,6,0%,97.33,All,All,Last 3 months page filter; effective data 2026-05-26 to 2026-06-12,This query appeared while filtering /; use it to verify target-page fit and cannibalization.,/calculator,A. Rewrite title/meta only if approved; B. Add FAQ/H2; C. Add internal links,71
Page-filter validation: Review,how much is a cruise,/cruise-costs,0,3,0%,82.33,All,All,Last 3 months page filter; effective data 2026-05-26 to 2026-06-12,This query appeared while filtering /cruise-costs; use it to verify target-page fit and cannibalization.,/calculator,Review manually,71
Page-filter validation: Small content improvement,how much does a cruise cost,/cruise-costs,0,2,0%,75.5,All,All,Last 3 months page filter; effective data 2026-05-26 to 2026-06-12,This query appeared while filtering /cruise-costs; use it to verify target-page fit and cannibalization.,/calculator,A. Rewrite title/meta only if approved; B. Add FAQ/H2; C. Add internal links,71
Small content improvement,drinks package calculator,All pages query export,0,2,0%,76.5,All,All,Last 3 months export; effective data 2026-05-26 to 2026-06-12,"Query has 2 impressions, 0 clicks, position 76.5.",/guides/drink-package-guide,B. Add FAQ/H2 section; D. Improve calculator CTA; E. Create shareable calculator result,70
Page-filter validation: Small content improvement,drinks package calculator,/guides/drink-package-guide,0,2,0%,76.5,All,All,Last 3 months page filter; effective data 2026-05-26 to 2026-06-12,This query appeared while filtering /guides/drink-package-guide; use it to verify target-page fit and cannibalization.,/guides/drink-package-guide,B. Add FAQ/H2 section; D. Improve calculator CTA; E. Create shareable calculator result,70
Review,cruise ship packages price,All pages query export,0,1,0%,72,All,All,Last 3 months export; effective data 2026-05-26 to 2026-06-12,"Query has 1 impressions, 0 clicks, position 72.",/calculator,A. Rewrite title/meta only if approved; B. Add FAQ/H2; C. Add internal links,70
Small content improvement,cruise wifi calculator,All pages query export,0,1,0%,73,All,All,Last 3 months export; effective data 2026-05-26 to 2026-06-12,"Query has 1 impressions, 0 clicks, position 73.",/calculator,A. Rewrite title/meta only if approved; B. Add FAQ/H2; C. Add internal links,70
Small content improvement,cruise drinks package calculator,All pages query export,0,1,0%,74,All,All,Last 3 months export; effective data 2026-05-26 to 2026-06-12,"Query has 1 impressions, 0 clicks, position 74.",/guides/drink-package-guide,B. Add FAQ/H2 section; D. Improve calculator CTA; E. Create shareable calculator result,70
Page-filter validation: Small content improvement,cruise drinks package calculator,/guides/drink-package-guide,0,1,0%,74,All,All,Last 3 months page filter; effective data 2026-05-26 to 2026-06-12,This query appeared while filtering /guides/drink-package-guide; use it to verify target-page fit and cannibalization.,/guides/drink-package-guide,B. Add FAQ/H2 section; D. Improve calculator CTA; E. Create shareable calculator result,70
Page-filter validation: Review,cruise ship packages price,/,0,1,0%,72,All,All,Last 3 months page filter; effective data 2026-05-26 to 2026-06-12,This query appeared while filtering /; use it to verify target-page fit and cannibalization.,/calculator,A. Rewrite title/meta only if approved; B. Add FAQ/H2; C. Add internal links,70
Page-filter validation: Small content improvement,cruise wifi calculator,/,0,1,0%,73,All,All,Last 3 months page filter; effective data 2026-05-26 to 2026-06-12,This query appeared while filtering /; use it to verify target-page fit and cannibalization.,/calculator,A. Rewrite title/meta only if approved; B. Add FAQ/H2; C. Add internal links,70
Review,how much is it to go on a cruise,All pages query export,0,5,0%,90.6,All,All,Last 3 months export; effective data 2026-05-26 to 2026-06-12,"Query has 5 impressions, 0 clicks, position 90.6.",/calculator,Review manually,69
Small content improvement,how much do cruises cost,All pages query export,0,5,0%,91.6,All,All,Last 3 months export; effective data 2026-05-26 to 2026-06-12,"Query has 5 impressions, 0 clicks, position 91.6.",/calculator,A. Rewrite title/meta only if approved; B. Add FAQ/H2; C. Add internal links,69
Page-filter validation: Review,how much is it to go on a cruise,/,0,5,0%,90.6,All,All,Last 3 months page filter; effective data 2026-05-26 to 2026-06-12,This query appeared while filtering /; use it to verify target-page fit and cannibalization.,/calculator,Review manually,69
Review,how much do you spend on a cruise,All pages query export,0,4,0%,91.75,All,All,Last 3 months export; effective data 2026-05-26 to 2026-06-12,"Query has 4 impressions, 0 clicks, position 91.75.",/calculator,Review manually,69
Page-filter validation: Review,how much do you spend on a cruise,/,0,4,0%,91.75,All,All,Last 3 months page filter; effective data 2026-05-26 to 2026-06-12,This query appeared while filtering /; use it to verify target-page fit and cannibalization.,/calculator,Review manually,69
Small content improvement,how much does it cost for a cruise,All pages query export,0,3,0%,83,All,All,Last 3 months export; effective data 2026-05-26 to 2026-06-12,"Query has 3 impressions, 0 clicks, position 83.",/calculator,A. Rewrite title/meta only if approved; B. Add FAQ/H2; C. Add internal links,69
Review,how much is a cruise ship,All pages query export,0,3,0%,87,All,All,Last 3 months export; effective data 2026-05-26 to 2026-06-12,"Query has 3 impressions, 0 clicks, position 87.",/calculator,Review manually,69
Review,how much money should i take on a cruise,All pages query export,0,3,0%,90.67,All,All,Last 3 months export; effective data 2026-05-26 to 2026-06-12,"Query has 3 impressions, 0 clicks, position 90.67.",/calculator,Review manually,69
Small content improvement,how much does it cost to go on a cruise,All pages query export,0,3,0%,92.33,All,All,Last 3 months export; effective data 2026-05-26 to 2026-06-12,"Query has 3 impressions, 0 clicks, position 92.33.",/calculator,A. Rewrite title/meta only if approved; B. Add FAQ/H2; C. Add internal links,69
Page-filter validation: Small content improvement,how much do cruises cost,/calculator,0,3,0%,95,All,All,Last 3 months page filter; effective data 2026-05-26 to 2026-06-12,This query appeared while filtering /calculator; use it to verify target-page fit and cannibalization.,/calculator,A. Rewrite title/meta only if approved; B. Add FAQ/H2; C. Add internal links,69
Page-filter validation: Review,how much is a cruise ship,/,0,3,0%,87,All,All,Last 3 months page filter; effective data 2026-05-26 to 2026-06-12,This query appeared while filtering /; use it to verify target-page fit and cannibalization.,/calculator,Review manually,69
Page-filter validation: Review,how much money should i take on a cruise,/,0,3,0%,90.67,All,All,Last 3 months page filter; effective data 2026-05-26 to 2026-06-12,This query appeared while filtering /; use it to verify target-page fit and cannibalization.,/calculator,Review manually,69
Page-filter validation: Small content improvement,how much does it cost to go on a cruise,/,0,3,0%,92.33,All,All,Last 3 months page filter; effective data 2026-05-26 to 2026-06-12,This query appeared while filtering /; use it to verify target-page fit and cannibalization.,/calculator,A. Rewrite title/meta only if approved; B. Add FAQ/H2; C. Add internal links,69
Review,how much is a 5 day cruise,All pages query export,0,2,0%,72,All,All,Last 3 months export; effective data 2026-05-26 to 2026-06-12,"Query has 2 impressions, 0 clicks, position 72.",/calculator,Review manually,69
Small content improvement,how much would a cruise cost,All pages query export,0,2,0%,83.5,All,All,Last 3 months export; effective data 2026-05-26 to 2026-06-12,"Query has 2 impressions, 0 clicks, position 83.5.",/calculator,A. Rewrite title/meta only if approved; B. Add FAQ/H2; C. Add internal links,69
Small content improvement,how much does it cost for a cruise ship,All pages query export,0,2,0%,84,All,All,Last 3 months export; effective data 2026-05-26 to 2026-06-12,"Query has 2 impressions, 0 clicks, position 84.",/calculator,A. Rewrite title/meta only if approved; B. Add FAQ/H2; C. Add internal links,69
Small content improvement,how much does cruise cost,All pages query export,0,2,0%,85,All,All,Last 3 months export; effective data 2026-05-26 to 2026-06-12,"Query has 2 impressions, 0 clicks, position 85.",/calculator,A. Rewrite title/meta only if approved; B. Add FAQ/H2; C. Add internal links,69
Small content improvement,how much does an average cruise cost,All pages query export,0,2,0%,87.5,All,All,Last 3 months export; effective data 2026-05-26 to 2026-06-12,"Query has 2 impressions, 0 clicks, position 87.5.",/calculator,A. Rewrite title/meta only if approved; B. Add FAQ/H2; C. Add internal links,69
Small content improvement,what is the average cost of a cruise,All pages query export,0,2,0%,88,All,All,Last 3 months export; effective data 2026-05-26 to 2026-06-12,"Query has 2 impressions, 0 clicks, position 88.",/calculator,A. Rewrite title/meta only if approved; B. Add FAQ/H2; C. Add internal links,69
Small content improvement,how much do cruise cost,All pages query export,0,2,0%,90,All,All,Last 3 months export; effective data 2026-05-26 to 2026-06-12,"Query has 2 impressions, 0 clicks, position 90.",/calculator,A. Rewrite title/meta only if approved; B. Add FAQ/H2; C. Add internal links,69
Small content improvement,how much does a typical cruise cost,All pages query export,0,2,0%,91,All,All,Last 3 months export; effective data 2026-05-26 to 2026-06-12,"Query has 2 impressions, 0 clicks, position 91.",/calculator,A. Rewrite title/meta only if approved; B. Add FAQ/H2; C. Add internal links,69
Review,how much is a 7 day cruise,All pages query export,0,2,0%,96,All,All,Last 3 months export; effective data 2026-05-26 to 2026-06-12,"Query has 2 impressions, 0 clicks, position 96.",/calculator,Review manually,69
Page-filter validation: Small content improvement,how much do cruises cost,/cruise-costs,0,2,0%,86.5,All,All,Last 3 months page filter; effective data 2026-05-26 to 2026-06-12,This query appeared while filtering /cruise-costs; use it to verify target-page fit and cannibalization.,/calculator,A. Rewrite title/meta only if approved; B. Add FAQ/H2; C. Add internal links,69
Page-filter validation: Review,how much is a 5 day cruise,/,0,2,0%,72,All,All,Last 3 months page filter; effective data 2026-05-26 to 2026-06-12,This query appeared while filtering /; use it to verify target-page fit and cannibalization.,/calculator,Review manually,69
Page-filter validation: Small content improvement,how much does it cost for a cruise,/,0,2,0%,84,All,All,Last 3 months page filter; effective data 2026-05-26 to 2026-06-12,This query appeared while filtering /; use it to verify target-page fit and cannibalization.,/calculator,A. Rewrite title/meta only if approved; B. Add FAQ/H2; C. Add internal links,69
Page-filter validation: Small content improvement,how much does it cost for a cruise ship,/,0,2,0%,84,All,All,Last 3 months page filter; effective data 2026-05-26 to 2026-06-12,This query appeared while filtering /; use it to verify target-page fit and cannibalization.,/calculator,A. Rewrite title/meta only if approved; B. Add FAQ/H2; C. Add internal links,69
Page-filter validation: Small content improvement,how much does a typical cruise cost,/,0,2,0%,91,All,All,Last 3 months page filter; effective data 2026-05-26 to 2026-06-12,This query appeared while filtering /; use it to verify target-page fit and cannibalization.,/calculator,A. Rewrite title/meta only if approved; B. Add FAQ/H2; C. Add internal links,69
Page-filter validation: Review,how much is a 7 day cruise,/,0,2,0%,96,All,All,Last 3 months page filter; effective data 2026-05-26 to 2026-06-12,This query appeared while filtering /; use it to verify target-page fit and cannibalization.,/calculator,Review manually,69
Small content improvement,how much does a 4 day cruise cost,All pages query export,0,1,0%,71,All,All,Last 3 months export; effective data 2026-05-26 to 2026-06-12,"Query has 1 impressions, 0 clicks, position 71.",/calculator,A. Rewrite title/meta only if approved; B. Add FAQ/H2; C. Add internal links,69
Small content improvement,how much does a cruise cost for 1 person,All pages query export,0,1,0%,72,All,All,Last 3 months export; effective data 2026-05-26 to 2026-06-12,"Query has 1 impressions, 0 clicks, position 72.",/calculator,A. Rewrite title/meta only if approved; B. Add FAQ/H2; C. Add internal links,69
Small content improvement,average cost of 5 day cruise,All pages query export,0,1,0%,73,All,All,Last 3 months export; effective data 2026-05-26 to 2026-06-12,"Query has 1 impressions, 0 clicks, position 73.",/calculator,A. Rewrite title/meta only if approved; B. Add FAQ/H2; C. Add internal links,69
Review,how much is a cruise ship trip,All pages query export,0,1,0%,74,All,All,Last 3 months export; effective data 2026-05-26 to 2026-06-12,"Query has 1 impressions, 0 clicks, position 74.",/calculator,Review manually,69
Review,prices of a cruise,All pages query export,0,1,0%,74,All,All,Last 3 months export; effective data 2026-05-26 to 2026-06-12,"Query has 1 impressions, 0 clicks, position 74.",/calculator,A. Rewrite title/meta only if approved; B. Add FAQ/H2; C. Add internal links,69
Review,what is the average price of a cruise,All pages query export,0,1,0%,74,All,All,Last 3 months export; effective data 2026-05-26 to 2026-06-12,"Query has 1 impressions, 0 clicks, position 74.",/calculator,A. Rewrite title/meta only if approved; B. Add FAQ/H2; C. Add internal links,69
Small content improvement,what is the cost of a cruise ship,All pages query export,0,1,0%,76,All,All,Last 3 months export; effective data 2026-05-26 to 2026-06-12,"Query has 1 impressions, 0 clicks, position 76.",/calculator,A. Rewrite title/meta only if approved; B. Add FAQ/H2; C. Add internal links,69
Review,how much to go on a cruise ship,All pages query export,0,1,0%,77,All,All,Last 3 months export; effective data 2026-05-26 to 2026-06-12,"Query has 1 impressions, 0 clicks, position 77.",/calculator,Review manually,69
Review,how much are cruise ships,All pages query export,0,1,0%,78,All,All,Last 3 months export; effective data 2026-05-26 to 2026-06-12,"Query has 1 impressions, 0 clicks, position 78.",/calculator,Review manually,69
Review,how much for a cruise,All pages query export,0,1,0%,81,All,All,Last 3 months export; effective data 2026-05-26 to 2026-06-12,"Query has 1 impressions, 0 clicks, position 81.",/calculator,Review manually,69
Small content improvement,how much would it cost to go on a cruise,All pages query export,0,1,0%,81,All,All,Last 3 months export; effective data 2026-05-26 to 2026-06-12,"Query has 1 impressions, 0 clicks, position 81.",/calculator,A. Rewrite title/meta only if approved; B. Add FAQ/H2; C. Add internal links,69
Small content improvement,how much cost a cruise ship,All pages query export,0,1,0%,82,All,All,Last 3 months export; effective data 2026-05-26 to 2026-06-12,"Query has 1 impressions, 0 clicks, position 82.",/calculator,A. Rewrite title/meta only if approved; B. Add FAQ/H2; C. Add internal links,69
Small content improvement,cost to go on a cruise,All pages query export,0,1,0%,84,All,All,Last 3 months export; effective data 2026-05-26 to 2026-06-12,"Query has 1 impressions, 0 clicks, position 84.",/calculator,A. Rewrite title/meta only if approved; B. Add FAQ/H2; C. Add internal links,69
Small content improvement,average cost of a cruise per person,All pages query export,0,1,0%,85,All,All,Last 3 months export; effective data 2026-05-26 to 2026-06-12,"Query has 1 impressions, 0 clicks, position 85.",/calculator,A. Rewrite title/meta only if approved; B. Add FAQ/H2; C. Add internal links,69
Review,how much money do you need on a cruise,All pages query export,0,1,0%,86,All,All,Last 3 months export; effective data 2026-05-26 to 2026-06-12,"Query has 1 impressions, 0 clicks, position 86.",/calculator,Review manually,69
Review,what is the price of a cruise,All pages query export,0,1,0%,86,All,All,Last 3 months export; effective data 2026-05-26 to 2026-06-12,"Query has 1 impressions, 0 clicks, position 86.",/calculator,A. Rewrite title/meta only if approved; B. Add FAQ/H2; C. Add internal links,69
Review,how much is a cruise on average,All pages query export,0,1,0%,87,All,All,Last 3 months export; effective data 2026-05-26 to 2026-06-12,"Query has 1 impressions, 0 clicks, position 87.",/calculator,Review manually,69
Small content improvement,how much it cost to go on a cruise,All pages query export,0,1,0%,88,All,All,Last 3 months export; effective data 2026-05-26 to 2026-06-12,"Query has 1 impressions, 0 clicks, position 88.",/calculator,A. Rewrite title/meta only if approved; B. Add FAQ/H2; C. Add internal links,69
Review,how much money is a cruise,All pages query export,0,1,0%,88,All,All,Last 3 months export; effective data 2026-05-26 to 2026-06-12,"Query has 1 impressions, 0 clicks, position 88.",/calculator,Review manually,69
Small content improvement,how much do cruise ships cost,All pages query export,0,1,0%,89,All,All,Last 3 months export; effective data 2026-05-26 to 2026-06-12,"Query has 1 impressions, 0 clicks, position 89.",/calculator,A. Rewrite title/meta only if approved; B. Add FAQ/H2; C. Add internal links,69
Review,how much is it for a cruise,All pages query export,0,1,0%,89,All,All,Last 3 months export; effective data 2026-05-26 to 2026-06-12,"Query has 1 impressions, 0 clicks, position 89.",/calculator,Review manually,69
Small content improvement,how much does it cost to go on cruise,All pages query export,0,1,0%,90,All,All,Last 3 months export; effective data 2026-05-26 to 2026-06-12,"Query has 1 impressions, 0 clicks, position 90.",/calculator,A. Rewrite title/meta only if approved; B. Add FAQ/H2; C. Add internal links,69
Review,how much is a 365 day cruise,All pages query export,0,1,0%,90,All,All,Last 3 months export; effective data 2026-05-26 to 2026-06-12,"Query has 1 impressions, 0 clicks, position 90.",/calculator,Review manually,69
Review,how much is it to take a cruise,All pages query export,0,1,0%,90,All,All,Last 3 months export; effective data 2026-05-26 to 2026-06-12,"Query has 1 impressions, 0 clicks, position 90.",/calculator,Review manually,69
Review,how much is a 30 day cruise,All pages query export,0,1,0%,91,All,All,Last 3 months export; effective data 2026-05-26 to 2026-06-12,"Query has 1 impressions, 0 clicks, position 91.",/calculator,Review manually,69
Review,how much is a cruise for a week,All pages query export,0,1,0%,93,All,All,Last 3 months export; effective data 2026-05-26 to 2026-06-12,"Query has 1 impressions, 0 clicks, position 93.",/calculator,Review manually,69
Review,how much money is a cruise ship,All pages query export,0,1,0%,93,All,All,Last 3 months export; effective data 2026-05-26 to 2026-06-12,"Query has 1 impressions, 0 clicks, position 93.",/calculator,Review manually,69
Review,what do you have to pay for on a cruise,All pages query export,0,1,0%,93,All,All,Last 3 months export; effective data 2026-05-26 to 2026-06-12,"Query has 1 impressions, 0 clicks, position 93.",/blog/hidden-cruise-costs,A. Rewrite title/meta only if approved; B. Add FAQ/H2; C. Add internal links,69
Small content improvement,how much does a cruise usually cost,All pages query export,0,1,0%,94,All,All,Last 3 months export; effective data 2026-05-26 to 2026-06-12,"Query has 1 impressions, 0 clicks, position 94.",/calculator,A. Rewrite title/meta only if approved; B. Add FAQ/H2; C. Add internal links,69
Review,how much is it to go on a cruise ship,All pages query export,0,1,0%,94,All,All,Last 3 months export; effective data 2026-05-26 to 2026-06-12,"Query has 1 impressions, 0 clicks, position 94.",/calculator,Review manually,69
Small content improvement,how much will a cruise cost,All pages query export,0,1,0%,94,All,All,Last 3 months export; effective data 2026-05-26 to 2026-06-12,"Query has 1 impressions, 0 clicks, position 94.",/calculator,A. Rewrite title/meta only if approved; B. Add FAQ/H2; C. Add internal links,69
Review,what do you pay for on a cruise,All pages query export,0,1,0%,94,All,All,Last 3 months export; effective data 2026-05-26 to 2026-06-12,"Query has 1 impressions, 0 clicks, position 94.",/blog/hidden-cruise-costs,A. Rewrite title/meta only if approved; B. Add FAQ/H2; C. Add internal links,69
Small content improvement,how much does a 3 day cruise cost,All pages query export,0,1,0%,95,All,All,Last 3 months export; effective data 2026-05-26 to 2026-06-12,"Query has 1 impressions, 0 clicks, position 95.",/calculator,A. Rewrite title/meta only if approved; B. Add FAQ/H2; C. Add internal links,69
Small content improvement,how much does going on a cruise cost,All pages query export,0,1,0%,98,All,All,Last 3 months export; effective data 2026-05-26 to 2026-06-12,"Query has 1 impressions, 0 clicks, position 98.",/calculator,A. Rewrite title/meta only if approved; B. Add FAQ/H2; C. Add internal links,69
Review,how much is a 4 day cruise,All pages query export,0,1,0%,98,All,All,Last 3 months export; effective data 2026-05-26 to 2026-06-12,"Query has 1 impressions, 0 clicks, position 98.",/calculator,Review manually,69
Review,how much is the cruise,All pages query export,0,1,0%,99,All,All,Last 3 months export; effective data 2026-05-26 to 2026-06-12,"Query has 1 impressions, 0 clicks, position 99.",/calculator,Review manually,69
Small content improvement,how much does a cruise for two cost,All pages query export,0,1,0%,100,All,All,Last 3 months export; effective data 2026-05-26 to 2026-06-12,"Query has 1 impressions, 0 clicks, position 100.",/calculator,A. Rewrite title/meta only if approved; B. Add FAQ/H2; C. Add internal links,69
Page-filter validation: Review,how much money do you need on a cruise,/calculator,0,1,0%,86,All,All,Last 3 months page filter; effective data 2026-05-26 to 2026-06-12,This query appeared while filtering /calculator; use it to verify target-page fit and cannibalization.,/calculator,Review manually,69
Page-filter validation: Small content improvement,how much does an average cruise cost,/calculator,0,1,0%,94,All,All,Last 3 months page filter; effective data 2026-05-26 to 2026-06-12,This query appeared while filtering /calculator; use it to verify target-page fit and cannibalization.,/calculator,A. Rewrite title/meta only if approved; B. Add FAQ/H2; C. Add internal links,69
Page-filter validation: Small content improvement,how much will a cruise cost,/calculator,0,1,0%,94,All,All,Last 3 months page filter; effective data 2026-05-26 to 2026-06-12,This query appeared while filtering /calculator; use it to verify target-page fit and cannibalization.,/calculator,A. Rewrite title/meta only if approved; B. Add FAQ/H2; C. Add internal links,69
Page-filter validation: Small content improvement,how much do cruise cost,/calculator,0,1,0%,95,All,All,Last 3 months page filter; effective data 2026-05-26 to 2026-06-12,This query appeared while filtering /calculator; use it to verify target-page fit and cannibalization.,/calculator,A. Rewrite title/meta only if approved; B. Add FAQ/H2; C. Add internal links,69
Page-filter validation: Small content improvement,what is the average cost of a cruise,/calculator,0,1,0%,97,All,All,Last 3 months page filter; effective data 2026-05-26 to 2026-06-12,This query appeared while filtering /calculator; use it to verify target-page fit and cannibalization.,/calculator,A. Rewrite title/meta only if approved; B. Add FAQ/H2; C. Add internal links,69
Page-filter validation: Small content improvement,how much does it cost for a cruise,/calculator,0,1,0%,99,All,All,Last 3 months page filter; effective data 2026-05-26 to 2026-06-12,This query appeared while filtering /calculator; use it to verify target-page fit and cannibalization.,/calculator,A. Rewrite title/meta only if approved; B. Add FAQ/H2; C. Add internal links,69
Page-filter validation: Small content improvement,how much does cruise cost,/cruise-costs,0,1,0%,76,All,All,Last 3 months page filter; effective data 2026-05-26 to 2026-06-12,This query appeared while filtering /cruise-costs; use it to verify target-page fit and cannibalization.,/calculator,A. Rewrite title/meta only if approved; B. Add FAQ/H2; C. Add internal links,69
Page-filter validation: Small content improvement,how much would a cruise cost,/cruise-costs,0,1,0%,77,All,All,Last 3 months page filter; effective data 2026-05-26 to 2026-06-12,This query appeared while filtering /cruise-costs; use it to verify target-page fit and cannibalization.,/calculator,A. Rewrite title/meta only if approved; B. Add FAQ/H2; C. Add internal links,69
Page-filter validation: Small content improvement,how much does it cost for a cruise,/cruise-costs,0,1,0%,81,All,All,Last 3 months page filter; effective data 2026-05-26 to 2026-06-12,This query appeared while filtering /cruise-costs; use it to verify target-page fit and cannibalization.,/calculator,A. Rewrite title/meta only if approved; B. Add FAQ/H2; C. Add internal links,69
Page-filter validation: Review,how much for a cruise,/cruise-costs,0,1,0%,81,All,All,Last 3 months page filter; effective data 2026-05-26 to 2026-06-12,This query appeared while filtering /cruise-costs; use it to verify target-page fit and cannibalization.,/calculator,Review manually,69
Page-filter validation: Small content improvement,how much does a cruise usually cost,/cruise-costs,0,1,0%,94,All,All,Last 3 months page filter; effective data 2026-05-26 to 2026-06-12,This query appeared while filtering /cruise-costs; use it to verify target-page fit and cannibalization.,/calculator,A. Rewrite title/meta only if approved; B. Add FAQ/H2; C. Add internal links,69
Page-filter validation: Small content improvement,how much does a 4 day cruise cost,/,0,1,0%,71,All,All,Last 3 months page filter; effective data 2026-05-26 to 2026-06-12,This query appeared while filtering /; use it to verify target-page fit and cannibalization.,/calculator,A. Rewrite title/meta only if approved; B. Add FAQ/H2; C. Add internal links,69
Page-filter validation: Small content improvement,how much does a cruise cost for 1 person,/,0,1,0%,72,All,All,Last 3 months page filter; effective data 2026-05-26 to 2026-06-12,This query appeared while filtering /; use it to verify target-page fit and cannibalization.,/calculator,A. Rewrite title/meta only if approved; B. Add FAQ/H2; C. Add internal links,69
Page-filter validation: Small content improvement,average cost of 5 day cruise,/,0,1,0%,73,All,All,Last 3 months page filter; effective data 2026-05-26 to 2026-06-12,This query appeared while filtering /; use it to verify target-page fit and cannibalization.,/calculator,A. Rewrite title/meta only if approved; B. Add FAQ/H2; C. Add internal links,69
Page-filter validation: Review,how much is a cruise ship trip,/,0,1,0%,74,All,All,Last 3 months page filter; effective data 2026-05-26 to 2026-06-12,This query appeared while filtering /; use it to verify target-page fit and cannibalization.,/calculator,Review manually,69
Page-filter validation: Review,prices of a cruise,/,0,1,0%,74,All,All,Last 3 months page filter; effective data 2026-05-26 to 2026-06-12,This query appeared while filtering /; use it to verify target-page fit and cannibalization.,/calculator,A. Rewrite title/meta only if approved; B. Add FAQ/H2; C. Add internal links,69
Page-filter validation: Review,what is the average price of a cruise,/,0,1,0%,74,All,All,Last 3 months page filter; effective data 2026-05-26 to 2026-06-12,This query appeared while filtering /; use it to verify target-page fit and cannibalization.,/calculator,A. Rewrite title/meta only if approved; B. Add FAQ/H2; C. Add internal links,69
Page-filter validation: Small content improvement,what is the cost of a cruise ship,/,0,1,0%,76,All,All,Last 3 months page filter; effective data 2026-05-26 to 2026-06-12,This query appeared while filtering /; use it to verify target-page fit and cannibalization.,/calculator,A. Rewrite title/meta only if approved; B. Add FAQ/H2; C. Add internal links,69
Page-filter validation: Review,how much to go on a cruise ship,/,0,1,0%,77,All,All,Last 3 months page filter; effective data 2026-05-26 to 2026-06-12,This query appeared while filtering /; use it to verify target-page fit and cannibalization.,/calculator,Review manually,69
Page-filter validation: Review,how much are cruise ships,/,0,1,0%,78,All,All,Last 3 months page filter; effective data 2026-05-26 to 2026-06-12,This query appeared while filtering /; use it to verify target-page fit and cannibalization.,/calculator,Review manually,69
Page-filter validation: Small content improvement,what is the average cost of a cruise,/,0,1,0%,79,All,All,Last 3 months page filter; effective data 2026-05-26 to 2026-06-12,This query appeared while filtering /; use it to verify target-page fit and cannibalization.,/calculator,A. Rewrite title/meta only if approved; B. Add FAQ/H2; C. Add internal links,69
Page-filter validation: Small content improvement,how much does an average cruise cost,/,0,1,0%,81,All,All,Last 3 months page filter; effective data 2026-05-26 to 2026-06-12,This query appeared while filtering /; use it to verify target-page fit and cannibalization.,/calculator,A. Rewrite title/meta only if approved; B. Add FAQ/H2; C. Add internal links,69
Page-filter validation: Small content improvement,how much would it cost to go on a cruise,/,0,1,0%,81,All,All,Last 3 months page filter; effective data 2026-05-26 to 2026-06-12,This query appeared while filtering /; use it to verify target-page fit and cannibalization.,/calculator,A. Rewrite title/meta only if approved; B. Add FAQ/H2; C. Add internal links,69
Page-filter validation: Small content improvement,how much cost a cruise ship,/,0,1,0%,82,All,All,Last 3 months page filter; effective data 2026-05-26 to 2026-06-12,This query appeared while filtering /; use it to verify target-page fit and cannibalization.,/calculator,A. Rewrite title/meta only if approved; B. Add FAQ/H2; C. Add internal links,69
Page-filter validation: Small content improvement,cost to go on a cruise,/,0,1,0%,84,All,All,Last 3 months page filter; effective data 2026-05-26 to 2026-06-12,This query appeared while filtering /; use it to verify target-page fit and cannibalization.,/calculator,A. Rewrite title/meta only if approved; B. Add FAQ/H2; C. Add internal links,69
Page-filter validation: Small content improvement,average cost of a cruise per person,/,0,1,0%,85,All,All,Last 3 months page filter; effective data 2026-05-26 to 2026-06-12,This query appeared while filtering /; use it to verify target-page fit and cannibalization.,/calculator,A. Rewrite title/meta only if approved; B. Add FAQ/H2; C. Add internal links,69
Page-filter validation: Small content improvement,how much do cruise cost,/,0,1,0%,85,All,All,Last 3 months page filter; effective data 2026-05-26 to 2026-06-12,This query appeared while filtering /; use it to verify target-page fit and cannibalization.,/calculator,A. Rewrite title/meta only if approved; B. Add FAQ/H2; C. Add internal links,69
Page-filter validation: Review,what is the price of a cruise,/,0,1,0%,86,All,All,Last 3 months page filter; effective data 2026-05-26 to 2026-06-12,This query appeared while filtering /; use it to verify target-page fit and cannibalization.,/calculator,A. Rewrite title/meta only if approved; B. Add FAQ/H2; C. Add internal links,69
Page-filter validation: Review,how much is a cruise on average,/,0,1,0%,87,All,All,Last 3 months page filter; effective data 2026-05-26 to 2026-06-12,This query appeared while filtering /; use it to verify target-page fit and cannibalization.,/calculator,Review manually,69
Page-filter validation: Small content improvement,how much it cost to go on a cruise,/,0,1,0%,88,All,All,Last 3 months page filter; effective data 2026-05-26 to 2026-06-12,This query appeared while filtering /; use it to verify target-page fit and cannibalization.,/calculator,A. Rewrite title/meta only if approved; B. Add FAQ/H2; C. Add internal links,69
Page-filter validation: Review,how much money is a cruise,/,0,1,0%,88,All,All,Last 3 months page filter; effective data 2026-05-26 to 2026-06-12,This query appeared while filtering /; use it to verify target-page fit and cannibalization.,/calculator,Review manually,69
Page-filter validation: Small content improvement,how much do cruise ships cost,/,0,1,0%,89,All,All,Last 3 months page filter; effective data 2026-05-26 to 2026-06-12,This query appeared while filtering /; use it to verify target-page fit and cannibalization.,/calculator,A. Rewrite title/meta only if approved; B. Add FAQ/H2; C. Add internal links,69
Page-filter validation: Review,how much is it for a cruise,/,0,1,0%,89,All,All,Last 3 months page filter; effective data 2026-05-26 to 2026-06-12,This query appeared while filtering /; use it to verify target-page fit and cannibalization.,/calculator,Review manually,69
Page-filter validation: Small content improvement,how much does it cost to go on cruise,/,0,1,0%,90,All,All,Last 3 months page filter; effective data 2026-05-26 to 2026-06-12,This query appeared while filtering /; use it to verify target-page fit and cannibalization.,/calculator,A. Rewrite title/meta only if approved; B. Add FAQ/H2; C. Add internal links,69
Page-filter validation: Review,how much is a 365 day cruise,/,0,1,0%,90,All,All,Last 3 months page filter; effective data 2026-05-26 to 2026-06-12,This query appeared while filtering /; use it to verify target-page fit and cannibalization.,/calculator,Review manually,69
Page-filter validation: Review,how much is it to take a cruise,/,0,1,0%,90,All,All,Last 3 months page filter; effective data 2026-05-26 to 2026-06-12,This query appeared while filtering /; use it to verify target-page fit and cannibalization.,/calculator,Review manually,69
Page-filter validation: Small content improvement,how much would a cruise cost,/,0,1,0%,90,All,All,Last 3 months page filter; effective data 2026-05-26 to 2026-06-12,This query appeared while filtering /; use it to verify target-page fit and cannibalization.,/calculator,A. Rewrite title/meta only if approved; B. Add FAQ/H2; C. Add internal links,69
Page-filter validation: Review,how much is a 30 day cruise,/,0,1,0%,91,All,All,Last 3 months page filter; effective data 2026-05-26 to 2026-06-12,This query appeared while filtering /; use it to verify target-page fit and cannibalization.,/calculator,Review manually,69
Page-filter validation: Review,how much is a cruise for a week,/,0,1,0%,93,All,All,Last 3 months page filter; effective data 2026-05-26 to 2026-06-12,This query appeared while filtering /; use it to verify target-page fit and cannibalization.,/calculator,Review manually,69
Page-filter validation: Review,how much money is a cruise ship,/,0,1,0%,93,All,All,Last 3 months page filter; effective data 2026-05-26 to 2026-06-12,This query appeared while filtering /; use it to verify target-page fit and cannibalization.,/calculator,Review manually,69
Page-filter validation: Review,what do you have to pay for on a cruise,/,0,1,0%,93,All,All,Last 3 months page filter; effective data 2026-05-26 to 2026-06-12,This query appeared while filtering /; use it to verify target-page fit and cannibalization.,/blog/hidden-cruise-costs,A. Rewrite title/meta only if approved; B. Add FAQ/H2; C. Add internal links,69
Page-filter validation: Small content improvement,how much does cruise cost,/,0,1,0%,94,All,All,Last 3 months page filter; effective data 2026-05-26 to 2026-06-12,This query appeared while filtering /; use it to verify target-page fit and cannibalization.,/calculator,A. Rewrite title/meta only if approved; B. Add FAQ/H2; C. Add internal links,69
Page-filter validation: Review,how much is it to go on a cruise ship,/,0,1,0%,94,All,All,Last 3 months page filter; effective data 2026-05-26 to 2026-06-12,This query appeared while filtering /; use it to verify target-page fit and cannibalization.,/calculator,Review manually,69
Page-filter validation: Review,what do you pay for on a cruise,/,0,1,0%,94,All,All,Last 3 months page filter; effective data 2026-05-26 to 2026-06-12,This query appeared while filtering /; use it to verify target-page fit and cannibalization.,/blog/hidden-cruise-costs,A. Rewrite title/meta only if approved; B. Add FAQ/H2; C. Add internal links,69
Page-filter validation: Small content improvement,how much does a 3 day cruise cost,/,0,1,0%,95,All,All,Last 3 months page filter; effective data 2026-05-26 to 2026-06-12,This query appeared while filtering /; use it to verify target-page fit and cannibalization.,/calculator,A. Rewrite title/meta only if approved; B. Add FAQ/H2; C. Add internal links,69
Page-filter validation: Review,how much for a cruise,/,0,1,0%,97,All,All,Last 3 months page filter; effective data 2026-05-26 to 2026-06-12,This query appeared while filtering /; use it to verify target-page fit and cannibalization.,/calculator,Review manually,69
Page-filter validation: Small content improvement,how much does going on a cruise cost,/,0,1,0%,98,All,All,Last 3 months page filter; effective data 2026-05-26 to 2026-06-12,This query appeared while filtering /; use it to verify target-page fit and cannibalization.,/calculator,A. Rewrite title/meta only if approved; B. Add FAQ/H2; C. Add internal links,69
Page-filter validation: Review,how much is a 4 day cruise,/,0,1,0%,98,All,All,Last 3 months page filter; effective data 2026-05-26 to 2026-06-12,This query appeared while filtering /; use it to verify target-page fit and cannibalization.,/calculator,Review manually,69
Page-filter validation: Review,how much is the cruise,/,0,1,0%,99,All,All,Last 3 months page filter; effective data 2026-05-26 to 2026-06-12,This query appeared while filtering /; use it to verify target-page fit and cannibalization.,/calculator,Review manually,69
Page-filter validation: Small content improvement,how much does a cruise for two cost,/,0,1,0%,100,All,All,Last 3 months page filter; effective data 2026-05-26 to 2026-06-12,This query appeared while filtering /; use it to verify target-page fit and cannibalization.,/calculator,A. Rewrite title/meta only if approved; B. Add FAQ/H2; C. Add internal links,69
Small content improvement,cost of cruise ship,All pages query export,0,1,0%,73,All,All,Last 3 months export; effective data 2026-05-26 to 2026-06-12,"Query has 1 impressions, 0 clicks, position 73.",/calculator,A. Rewrite title/meta only if approved; B. Add FAQ/H2; C. Add internal links,57
Small content improvement,cost of a cruise ship,All pages query export,0,1,0%,74,All,All,Last 3 months export; effective data 2026-05-26 to 2026-06-12,"Query has 1 impressions, 0 clicks, position 74.",/calculator,A. Rewrite title/meta only if approved; B. Add FAQ/H2; C. Add internal links,57
Page-filter validation: Small content improvement,cost of cruise ship,/,0,1,0%,73,All,All,Last 3 months page filter; effective data 2026-05-26 to 2026-06-12,This query appeared while filtering /; use it to verify target-page fit and cannibalization.,/calculator,A. Rewrite title/meta only if approved; B. Add FAQ/H2; C. Add internal links,57
Page-filter validation: Small content improvement,cost of a cruise ship,/,0,1,0%,74,All,All,Last 3 months page filter; effective data 2026-05-26 to 2026-06-12,This query appeared while filtering /; use it to verify target-page fit and cannibalization.,/calculator,A. Rewrite title/meta only if approved; B. Add FAQ/H2; C. Add internal links,57
Ranking position 8-30,virgin voyages vs celebrity cruises,All pages query export,0,4,0%,26,All,All,Last 3 months export; effective data 2026-05-26 to 2026-06-12,"Query has 4 impressions, 0 clicks, position 26.",/,Review manually,53
Ranking position 8-30,celebrity vs virgin,All pages query export,0,1,0%,20,All,All,Last 3 months export; effective data 2026-05-26 to 2026-06-12,"Query has 1 impressions, 0 clicks, position 20.",/,Review manually,53
Ranking position 30-70,wincruise online pricing,All pages query export,0,1,0%,63,All,All,Last 3 months export; effective data 2026-05-26 to 2026-06-12,"Query has 1 impressions, 0 clicks, position 63.",/,Review manually,51
Page-filter validation: Ranking position 30-70,wincruise online pricing,/,0,1,0%,63,All,All,Last 3 months page filter; effective data 2026-05-26 to 2026-06-12,This query appeared while filtering /; use it to verify target-page fit and cannibalization.,/,Review manually,51
Ranking position 30-70,celebrity vs virgin cruises,All pages query export,0,2,0%,37,All,All,Last 3 months export; effective data 2026-05-26 to 2026-06-12,"Query has 2 impressions, 0 clicks, position 37.",/,Review manually,47
Ranking position 30-70,virgin vs celebrity cruises,All pages query export,0,2,0%,37.5,All,All,Last 3 months export; effective data 2026-05-26 to 2026-06-12,"Query has 2 impressions, 0 clicks, position 37.5.",/,Review manually,47
Ranking position 30-70,celebrity cruises vs virgin voyages,All pages query export,0,1,0%,31,All,All,Last 3 months export; effective data 2026-05-26 to 2026-06-12,"Query has 1 impressions, 0 clicks, position 31.",/,Review manually,47
Ranking position 30-70,cruise ship planner,All pages query export,0,1,0%,36,All,All,Last 3 months export; effective data 2026-05-26 to 2026-06-12,"Query has 1 impressions, 0 clicks, position 36.",/,Review manually,47
Ranking position 30-70,p&o peninsular club tiers,All pages query export,0,1,0%,37,All,All,Last 3 months export; effective data 2026-05-26 to 2026-06-12,"Query has 1 impressions, 0 clicks, position 37.",/,Review manually,47
Ranking position 30-70,p&o tiers,All pages query export,0,1,0%,38,All,All,Last 3 months export; effective data 2026-05-26 to 2026-06-12,"Query has 1 impressions, 0 clicks, position 38.",/,Review manually,47
Ranking position 30-70,virgin vs celebrity cruise,All pages query export,0,1,0%,38,All,All,Last 3 months export; effective data 2026-05-26 to 2026-06-12,"Query has 1 impressions, 0 clicks, position 38.",/,Review manually,47
Ranking position 30-70,cruise rewards program,All pages query export,0,1,0%,39,All,All,Last 3 months export; effective data 2026-05-26 to 2026-06-12,"Query has 1 impressions, 0 clicks, position 39.",/loyalty,Review manually,47
Ranking position 30-70,cruise ship value,All pages query export,0,1,0%,42,All,All,Last 3 months export; effective data 2026-05-26 to 2026-06-12,"Query has 1 impressions, 0 clicks, position 42.",/,Review manually,47
Ranking position 30-70,cruise expenses,All pages query export,0,1,0%,52,All,All,Last 3 months export; effective data 2026-05-26 to 2026-06-12,"Query has 1 impressions, 0 clicks, position 52.",/,Review manually,47
Ranking position 30-70,cruise comparison tool,All pages query export,0,1,0%,54,All,All,Last 3 months export; effective data 2026-05-26 to 2026-06-12,"Query has 1 impressions, 0 clicks, position 54.",/,Review manually,47
Ranking position 30-70,cruise levels,All pages query export,0,1,0%,56,All,All,Last 3 months export; effective data 2026-05-26 to 2026-06-12,"Query has 1 impressions, 0 clicks, position 56.",/,Review manually,47
Ranking position 30-70,cruise ship rate,All pages query export,0,1,0%,58,All,All,Last 3 months export; effective data 2026-05-26 to 2026-06-12,"Query has 1 impressions, 0 clicks, position 58.",/,Review manually,47
Ranking position 30-70,cruise ship rates,All pages query export,0,1,0%,61,All,All,Last 3 months export; effective data 2026-05-26 to 2026-06-12,"Query has 1 impressions, 0 clicks, position 61.",/,Review manually,47
Ranking position 30-70,cruise pricing,All pages query export,0,1,0%,70,All,All,Last 3 months export; effective data 2026-05-26 to 2026-06-12,"Query has 1 impressions, 0 clicks, position 70.",/,Review manually,47
Page-filter validation: Ranking position 30-70,cruise expenses,/cruise-costs,0,1,0%,52,All,All,Last 3 months page filter; effective data 2026-05-26 to 2026-06-12,This query appeared while filtering /cruise-costs; use it to verify target-page fit and cannibalization.,/,Review manually,47
Page-filter validation: Ranking position 30-70,cruise ship planner,/,0,1,0%,36,All,All,Last 3 months page filter; effective data 2026-05-26 to 2026-06-12,This query appeared while filtering /; use it to verify target-page fit and cannibalization.,/,Review manually,47
Page-filter validation: Ranking position 30-70,cruise ship value,/,0,1,0%,42,All,All,Last 3 months page filter; effective data 2026-05-26 to 2026-06-12,This query appeared while filtering /; use it to verify target-page fit and cannibalization.,/,Review manually,47
Page-filter validation: Ranking position 30-70,cruise comparison tool,/,0,1,0%,54,All,All,Last 3 months page filter; effective data 2026-05-26 to 2026-06-12,This query appeared while filtering /; use it to verify target-page fit and cannibalization.,/,Review manually,47
Page-filter validation: Ranking position 30-70,cruise ship rate,/,0,1,0%,58,All,All,Last 3 months page filter; effective data 2026-05-26 to 2026-06-12,This query appeared while filtering /; use it to verify target-page fit and cannibalization.,/,Review manually,47
Page-filter validation: Ranking position 30-70,cruise ship rates,/,0,1,0%,61,All,All,Last 3 months page filter; effective data 2026-05-26 to 2026-06-12,This query appeared while filtering /; use it to verify target-page fit and cannibalization.,/,Review manually,47
Page-filter validation: Ranking position 30-70,cruise pricing,/,0,1,0%,70,All,All,Last 3 months page filter; effective data 2026-05-26 to 2026-06-12,This query appeared while filtering /; use it to verify target-page fit and cannibalization.,/,Review manually,47
Top page opportunity,,/calculator/royal-caribbean/,1,48,2.08%,18.19,All,All,Last 3 months pages export; effective data 2026-05-26 to 2026-06-12,"Page has 48 impressions, 1 clicks, CTR 2.08%, avg position 18.19.",/calculator/royal-caribbean/,"Review title/meta, internal links, and query-page fit before implementation.",45
Review,how does cruise pricing work,All pages query export,0,3,0%,81.67,All,All,Last 3 months export; effective data 2026-05-26 to 2026-06-12,"Query has 3 impressions, 0 clicks, position 81.67.",/,Review manually,40
Page-filter validation: Review,how does cruise pricing work,/calculator,0,2,0%,87.5,All,All,Last 3 months page filter; effective data 2026-05-26 to 2026-06-12,This query appeared while filtering /calculator; use it to verify target-page fit and cannibalization.,/,Review manually,40
Page-filter validation: Review,how does cruise pricing work,/cruise-costs,0,2,0%,84.5,All,All,Last 3 months page filter; effective data 2026-05-26 to 2026-06-12,This query appeared while filtering /cruise-costs; use it to verify target-page fit and cannibalization.,/,Review manually,40
Review,cheap cruises for may,All pages query export,0,1,0%,73,All,All,Last 3 months export; effective data 2026-05-26 to 2026-06-12,"Query has 1 impressions, 0 clicks, position 73.",/,Review manually,40
Review,hilton honors points for cruises,All pages query export,0,1,0%,73,All,All,Last 3 months export; effective data 2026-05-26 to 2026-06-12,"Query has 1 impressions, 0 clicks, position 73.",/,Review manually,40
Review,how to track cruise fares,All pages query export,0,1,0%,98,All,All,Last 3 months export; effective data 2026-05-26 to 2026-06-12,"Query has 1 impressions, 0 clicks, position 98.",/,Review manually,40
Page-filter validation: Review,how to track cruise fares,/,0,1,0%,98,All,All,Last 3 months page filter; effective data 2026-05-26 to 2026-06-12,This query appeared while filtering /; use it to verify target-page fit and cannibalization.,/,Review manually,40
High impressions / weak CTR,cruise membership,All pages query export,0,18,0%,50.11,All,All,Last 3 months export; effective data 2026-05-26 to 2026-06-12,"Query has 18 impressions, 0 clicks, position 50.11.",/loyalty,H. Ignore or defer; intent is not real-cruise-cost planning,35
Wrong-intent query,cruisefish price tracker,All pages query export,0,16,0%,47.5,All,All,Last 3 months export; effective data 2026-05-26 to 2026-06-12,Ranking exists but intent does not match CruiseKit real-cost planning.,/calculator,H. Ignore or defer; intent is not real-cruise-cost planning,35
Page-filter validation: Wrong-intent query,cruisefish price tracker,/,0,16,0%,47.5,All,All,Last 3 months page filter; effective data 2026-05-26 to 2026-06-12,This query appeared while filtering /; use it to verify target-page fit and cannibalization.,/calculator,H. Ignore or defer; intent is not real-cruise-cost planning,35
Wrong-intent query,how much does a cruise ship cost,All pages query export,0,12,0%,81.67,All,All,Last 3 months export; effective data 2026-05-26 to 2026-06-12,Ranking exists but intent does not match CruiseKit real-cost planning.,/calculator,H. Ignore or defer; intent is not real-cruise-cost planning,35
Page-filter validation: Wrong-intent query,how much does a cruise ship cost,/,0,12,0%,81.67,All,All,Last 3 months page filter; effective data 2026-05-26 to 2026-06-12,This query appeared while filtering /; use it to verify target-page fit and cannibalization.,/calculator,H. Ignore or defer; intent is not real-cruise-cost planning,35
Wrong-intent query,cruise price prediction,All pages query export,0,11,0%,53.27,All,All,Last 3 months export; effective data 2026-05-26 to 2026-06-12,Ranking exists but intent does not match CruiseKit real-cost planning.,/calculator,H. Ignore or defer; intent is not real-cruise-cost planning,35
Page-filter validation: Wrong-intent query,cruise price prediction,/,0,11,0%,53.27,All,All,Last 3 months page filter; effective data 2026-05-26 to 2026-06-12,This query appeared while filtering /; use it to verify target-page fit and cannibalization.,/calculator,H. Ignore or defer; intent is not real-cruise-cost planning,35
High impressions / weak CTR,cruise loyalty program,All pages query export,0,10,0%,32,All,All,Last 3 months export; effective data 2026-05-26 to 2026-06-12,"Query has 10 impressions, 0 clicks, position 32.",/loyalty,H. Ignore or defer; intent is not real-cruise-cost planning,35
Ranking position 30-70,cruise loyalty programs,All pages query export,0,8,0%,37.5,All,All,Last 3 months export; effective data 2026-05-26 to 2026-06-12,"Query has 8 impressions, 0 clicks, position 37.5.",/loyalty,H. Ignore or defer; intent is not real-cruise-cost planning,35
Wrong-intent query,cruise fare tracker,All pages query export,0,7,0%,63.14,All,All,Last 3 months export; effective data 2026-05-26 to 2026-06-12,Ranking exists but intent does not match CruiseKit real-cost planning.,/,H. Ignore or defer; intent is not real-cruise-cost planning,35
Page-filter validation: Wrong-intent query,cruise fare tracker,/,0,7,0%,63.14,All,All,Last 3 months page filter; effective data 2026-05-26 to 2026-06-12,This query appeared while filtering /; use it to verify target-page fit and cannibalization.,/,H. Ignore or defer; intent is not real-cruise-cost planning,35
Top page opportunity,,/guides/drink-package-guide,1,7,14.29%,15.14,All,All,Last 3 months pages export; effective data 2026-05-26 to 2026-06-12,"Page has 7 impressions, 1 clicks, CTR 14.29%, avg position 15.14.",/guides/drink-package-guide,"Review title/meta, internal links, and query-page fit before implementation.",35
Ranking position 30-70,loyalty cruise,All pages query export,0,5,0%,36.2,All,All,Last 3 months export; effective data 2026-05-26 to 2026-06-12,"Query has 5 impressions, 0 clicks, position 36.2.",/loyalty,H. Ignore or defer; intent is not real-cruise-cost planning,35
Wrong-intent query,how much does the cruise ship cost,All pages query export,0,4,0%,82.5,All,All,Last 3 months export; effective data 2026-05-26 to 2026-06-12,Ranking exists but intent does not match CruiseKit real-cost planning.,/calculator,H. Ignore or defer; intent is not real-cruise-cost planning,35
Wrong-intent query,how much does it cost to build a cruise ship,All pages query export,0,4,0%,93.75,All,All,Last 3 months export; effective data 2026-05-26 to 2026-06-12,Ranking exists but intent does not match CruiseKit real-cost planning.,/calculator,H. Ignore or defer; intent is not real-cruise-cost planning,35
Page-filter validation: Wrong-intent query,how much does the cruise ship cost,/,0,4,0%,82.5,All,All,Last 3 months page filter; effective data 2026-05-26 to 2026-06-12,This query appeared while filtering /; use it to verify target-page fit and cannibalization.,/calculator,H. Ignore or defer; intent is not real-cruise-cost planning,35
Page-filter validation: Wrong-intent query,how much does it cost to build a cruise ship,/,0,4,0%,93.75,All,All,Last 3 months page filter; effective data 2026-05-26 to 2026-06-12,This query appeared while filtering /; use it to verify target-page fit and cannibalization.,/calculator,H. Ignore or defer; intent is not real-cruise-cost planning,35
Wrong-intent query,cruise ship cost,All pages query export,0,3,0%,64.33,All,All,Last 3 months export; effective data 2026-05-26 to 2026-06-12,Ranking exists but intent does not match CruiseKit real-cost planning.,/calculator,H. Ignore or defer; intent is not real-cruise-cost planning,35
Wrong-intent query,how much does a cruise liner cost to build,All pages query export,0,3,0%,81.67,All,All,Last 3 months export; effective data 2026-05-26 to 2026-06-12,Ranking exists but intent does not match CruiseKit real-cost planning.,/calculator,H. Ignore or defer; intent is not real-cruise-cost planning,35
Wrong-intent query,how much does it cost to rent a cruise ship,All pages query export,0,3,0%,94.33,All,All,Last 3 months export; effective data 2026-05-26 to 2026-06-12,Ranking exists but intent does not match CruiseKit real-cost planning.,/calculator,H. Ignore or defer; intent is not real-cruise-cost planning,35
Page-filter validation: Wrong-intent query,cruise ship cost,/,0,3,0%,64.33,All,All,Last 3 months page filter; effective data 2026-05-26 to 2026-06-12,This query appeared while filtering /; use it to verify target-page fit and cannibalization.,/calculator,H. Ignore or defer; intent is not real-cruise-cost planning,35
Page-filter validation: Wrong-intent query,how much does a cruise liner cost to build,/,0,3,0%,81.67,All,All,Last 3 months page filter; effective data 2026-05-26 to 2026-06-12,This query appeared while filtering /; use it to verify target-page fit and cannibalization.,/calculator,H. Ignore or defer; intent is not real-cruise-cost planning,35
Page-filter validation: Wrong-intent query,how much does it cost to rent a cruise ship,/,0,3,0%,94.33,All,All,Last 3 months page filter; effective data 2026-05-26 to 2026-06-12,This query appeared while filtering /; use it to verify target-page fit and cannibalization.,/calculator,H. Ignore or defer; intent is not real-cruise-cost planning,35
Ranking position 30-70,which cruise line has the best loyalty program,All pages query export,0,2,0%,44.5,All,All,Last 3 months export; effective data 2026-05-26 to 2026-06-12,"Query has 2 impressions, 0 clicks, position 44.5.",/loyalty,H. Ignore or defer; intent is not real-cruise-cost planning,35
Wrong-intent query,celebrity price tracker,All pages query export,0,2,0%,45.5,All,All,Last 3 months export; effective data 2026-05-26 to 2026-06-12,Ranking exists but intent does not match CruiseKit real-cost planning.,/calculator,H. Ignore or defer; intent is not real-cruise-cost planning,35
Wrong-intent query,cruise price tracker,All pages query export,0,2,0%,67.5,All,All,Last 3 months export; effective data 2026-05-26 to 2026-06-12,Ranking exists but intent does not match CruiseKit real-cost planning.,/calculator,H. Ignore or defer; intent is not real-cruise-cost planning,35
Wrong-intent query,how much is a cruise ship cost,All pages query export,0,2,0%,80.5,All,All,Last 3 months export; effective data 2026-05-26 to 2026-06-12,Ranking exists but intent does not match CruiseKit real-cost planning.,/calculator,H. Ignore or defer; intent is not real-cruise-cost planning,35
Page-filter validation: Wrong-intent query,celebrity price tracker,/,0,2,0%,45.5,All,All,Last 3 months page filter; effective data 2026-05-26 to 2026-06-12,This query appeared while filtering /; use it to verify target-page fit and cannibalization.,/calculator,H. Ignore or defer; intent is not real-cruise-cost planning,35
Page-filter validation: Wrong-intent query,cruise price tracker,/,0,2,0%,67.5,All,All,Last 3 months page filter; effective data 2026-05-26 to 2026-06-12,This query appeared while filtering /; use it to verify target-page fit and cannibalization.,/calculator,H. Ignore or defer; intent is not real-cruise-cost planning,35
Page-filter validation: Wrong-intent query,how much is a cruise ship cost,/,0,2,0%,80.5,All,All,Last 3 months page filter; effective data 2026-05-26 to 2026-06-12,This query appeared while filtering /; use it to verify target-page fit and cannibalization.,/calculator,H. Ignore or defer; intent is not real-cruise-cost planning,35
Wrong-intent query,how much does a royal caribbean cruise ship cost,All pages query export,0,1,0%,39,All,All,Last 3 months export; effective data 2026-05-26 to 2026-06-12,Ranking exists but intent does not match CruiseKit real-cost planning.,/calculator/royal-caribbean,H. Ignore or defer; intent is not real-cruise-cost planning,35
Ranking position 30-70,cunard loyalty tier,All pages query export,0,1,0%,48,All,All,Last 3 months export; effective data 2026-05-26 to 2026-06-12,"Query has 1 impressions, 0 clicks, position 48.",/loyalty,H. Ignore or defer; intent is not real-cruise-cost planning,35
Ranking position 30-70,what cruise lines match loyalty programs,All pages query export,0,1,0%,52,All,All,Last 3 months export; effective data 2026-05-26 to 2026-06-12,"Query has 1 impressions, 0 clicks, position 52.",/loyalty,H. Ignore or defer; intent is not real-cruise-cost planning,35
Wrong-intent query,cruise price tracker free,All pages query export,0,1,0%,55,All,All,Last 3 months export; effective data 2026-05-26 to 2026-06-12,Ranking exists but intent does not match CruiseKit real-cost planning.,/calculator,H. Ignore or defer; intent is not real-cruise-cost planning,35
Wrong-intent query,cruise tracker price,All pages query export,0,1,0%,63,All,All,Last 3 months export; effective data 2026-05-26 to 2026-06-12,Ranking exists but intent does not match CruiseKit real-cost planning.,/calculator,H. Ignore or defer; intent is not real-cruise-cost planning,35
Ranking position 30-70,best cruise line loyalty programs,All pages query export,0,1,0%,64,All,All,Last 3 months export; effective data 2026-05-26 to 2026-06-12,"Query has 1 impressions, 0 clicks, position 64.",/loyalty,H. Ignore or defer; intent is not real-cruise-cost planning,35
Wrong-intent query,how much does a cruise cost to build,All pages query export,0,1,0%,72,All,All,Last 3 months export; effective data 2026-05-26 to 2026-06-12,Ranking exists but intent does not match CruiseKit real-cost planning.,/calculator,H. Ignore or defer; intent is not real-cruise-cost planning,35
Wrong-intent query,how much does a cruise ship cost to make,All pages query export,0,1,0%,72,All,All,Last 3 months export; effective data 2026-05-26 to 2026-06-12,Ranking exists but intent does not match CruiseKit real-cost planning.,/calculator,H. Ignore or defer; intent is not real-cruise-cost planning,35
Review,web scraping for cruise prices,All pages query export,0,1,0%,80,All,All,Last 3 months export; effective data 2026-05-26 to 2026-06-12,"Query has 1 impressions, 0 clicks, position 80.",/calculator,H. Ignore or defer; intent is not real-cruise-cost planning,35
Wrong-intent query,how much would a cruise ship cost,All pages query export,0,1,0%,82,All,All,Last 3 months export; effective data 2026-05-26 to 2026-06-12,Ranking exists but intent does not match CruiseKit real-cost planning.,/calculator,H. Ignore or defer; intent is not real-cruise-cost planning,35
Wrong-intent query,how much does it cost to buy a cruise ship,All pages query export,0,1,0%,83,All,All,Last 3 months export; effective data 2026-05-26 to 2026-06-12,Ranking exists but intent does not match CruiseKit real-cost planning.,/calculator,H. Ignore or defer; intent is not real-cruise-cost planning,35
Wrong-intent query,how much does it cost to build cruise ship,All pages query export,0,1,0%,85,All,All,Last 3 months export; effective data 2026-05-26 to 2026-06-12,Ranking exists but intent does not match CruiseKit real-cost planning.,/calculator,H. Ignore or defer; intent is not real-cruise-cost planning,35
Wrong-intent query,cost of building cruise ship,All pages query export,0,1,0%,86,All,All,Last 3 months export; effective data 2026-05-26 to 2026-06-12,Ranking exists but intent does not match CruiseKit real-cost planning.,/calculator,H. Ignore or defer; intent is not real-cruise-cost planning,35
Wrong-intent query,how much cruise ship cost,All pages query export,0,1,0%,86,All,All,Last 3 months export; effective data 2026-05-26 to 2026-06-12,Ranking exists but intent does not match CruiseKit real-cost planning.,/calculator,H. Ignore or defer; intent is not real-cruise-cost planning,35
Wrong-intent query,how much do cruise ship cost,All pages query export,0,1,0%,86,All,All,Last 3 months export; effective data 2026-05-26 to 2026-06-12,Ranking exists but intent does not match CruiseKit real-cost planning.,/calculator,H. Ignore or defer; intent is not real-cruise-cost planning,35
Wrong-intent query,how much would it cost to buy a cruise ship,All pages query export,0,1,0%,88,All,All,Last 3 months export; effective data 2026-05-26 to 2026-06-12,Ranking exists but intent does not match CruiseKit real-cost planning.,/calculator,H. Ignore or defer; intent is not real-cruise-cost planning,35
Wrong-intent query,cost to build cruise ship,All pages query export,0,1,0%,89,All,All,Last 3 months export; effective data 2026-05-26 to 2026-06-12,Ranking exists but intent does not match CruiseKit real-cost planning.,/calculator,H. Ignore or defer; intent is not real-cruise-cost planning,35
Wrong-intent query,how much does a new cruise ship cost,All pages query export,0,1,0%,95,All,All,Last 3 months export; effective data 2026-05-26 to 2026-06-12,Ranking exists but intent does not match CruiseKit real-cost planning.,/calculator,H. Ignore or defer; intent is not real-cruise-cost planning,35
Wrong-intent query,how much to rent a cruise ship,All pages query export,0,1,0%,95,All,All,Last 3 months export; effective data 2026-05-26 to 2026-06-12,Ranking exists but intent does not match CruiseKit real-cost planning.,/calculator,H. Ignore or defer; intent is not real-cruise-cost planning,35
Wrong-intent query,how much is it to build a cruise ship,All pages query export,0,1,0%,98,All,All,Last 3 months export; effective data 2026-05-26 to 2026-06-12,Ranking exists but intent does not match CruiseKit real-cost planning.,/calculator,H. Ignore or defer; intent is not real-cruise-cost planning,35
Page-filter validation: Wrong-intent query,how much does a royal caribbean cruise ship cost,/calculator/royal-caribbean,0,1,0%,39,All,All,Last 3 months page filter; effective data 2026-05-26 to 2026-06-12,This query appeared while filtering /calculator/royal-caribbean; use it to verify target-page fit and cannibalization.,/calculator/royal-caribbean,H. Ignore or defer; intent is not real-cruise-cost planning,35
Page-filter validation: Wrong-intent query,cruise price tracker free,/,0,1,0%,55,All,All,Last 3 months page filter; effective data 2026-05-26 to 2026-06-12,This query appeared while filtering /; use it to verify target-page fit and cannibalization.,/calculator,H. Ignore or defer; intent is not real-cruise-cost planning,35
Page-filter validation: Wrong-intent query,cruise tracker price,/,0,1,0%,63,All,All,Last 3 months page filter; effective data 2026-05-26 to 2026-06-12,This query appeared while filtering /; use it to verify target-page fit and cannibalization.,/calculator,H. Ignore or defer; intent is not real-cruise-cost planning,35
Page-filter validation: Wrong-intent query,how much does a cruise cost to build,/,0,1,0%,72,All,All,Last 3 months page filter; effective data 2026-05-26 to 2026-06-12,This query appeared while filtering /; use it to verify target-page fit and cannibalization.,/calculator,H. Ignore or defer; intent is not real-cruise-cost planning,35
Page-filter validation: Wrong-intent query,how much does a cruise ship cost to make,/,0,1,0%,72,All,All,Last 3 months page filter; effective data 2026-05-26 to 2026-06-12,This query appeared while filtering /; use it to verify target-page fit and cannibalization.,/calculator,H. Ignore or defer; intent is not real-cruise-cost planning,35
Page-filter validation: Review,web scraping for cruise prices,/,0,1,0%,80,All,All,Last 3 months page filter; effective data 2026-05-26 to 2026-06-12,This query appeared while filtering /; use it to verify target-page fit and cannibalization.,/calculator,H. Ignore or defer; intent is not real-cruise-cost planning,35
Page-filter validation: Wrong-intent query,how much would a cruise ship cost,/,0,1,0%,82,All,All,Last 3 months page filter; effective data 2026-05-26 to 2026-06-12,This query appeared while filtering /; use it to verify target-page fit and cannibalization.,/calculator,H. Ignore or defer; intent is not real-cruise-cost planning,35
Page-filter validation: Wrong-intent query,how much does it cost to buy a cruise ship,/,0,1,0%,83,All,All,Last 3 months page filter; effective data 2026-05-26 to 2026-06-12,This query appeared while filtering /; use it to verify target-page fit and cannibalization.,/calculator,H. Ignore or defer; intent is not real-cruise-cost planning,35
Page-filter validation: Wrong-intent query,how much does it cost to build cruise ship,/,0,1,0%,85,All,All,Last 3 months page filter; effective data 2026-05-26 to 2026-06-12,This query appeared while filtering /; use it to verify target-page fit and cannibalization.,/calculator,H. Ignore or defer; intent is not real-cruise-cost planning,35
Page-filter validation: Wrong-intent query,cost of building cruise ship,/,0,1,0%,86,All,All,Last 3 months page filter; effective data 2026-05-26 to 2026-06-12,This query appeared while filtering /; use it to verify target-page fit and cannibalization.,/calculator,H. Ignore or defer; intent is not real-cruise-cost planning,35
Page-filter validation: Wrong-intent query,how much cruise ship cost,/,0,1,0%,86,All,All,Last 3 months page filter; effective data 2026-05-26 to 2026-06-12,This query appeared while filtering /; use it to verify target-page fit and cannibalization.,/calculator,H. Ignore or defer; intent is not real-cruise-cost planning,35
Page-filter validation: Wrong-intent query,how much do cruise ship cost,/,0,1,0%,86,All,All,Last 3 months page filter; effective data 2026-05-26 to 2026-06-12,This query appeared while filtering /; use it to verify target-page fit and cannibalization.,/calculator,H. Ignore or defer; intent is not real-cruise-cost planning,35
Page-filter validation: Wrong-intent query,how much would it cost to buy a cruise ship,/,0,1,0%,88,All,All,Last 3 months page filter; effective data 2026-05-26 to 2026-06-12,This query appeared while filtering /; use it to verify target-page fit and cannibalization.,/calculator,H. Ignore or defer; intent is not real-cruise-cost planning,35
Page-filter validation: Wrong-intent query,cost to build cruise ship,/,0,1,0%,89,All,All,Last 3 months page filter; effective data 2026-05-26 to 2026-06-12,This query appeared while filtering /; use it to verify target-page fit and cannibalization.,/calculator,H. Ignore or defer; intent is not real-cruise-cost planning,35
Page-filter validation: Wrong-intent query,how much does a new cruise ship cost,/,0,1,0%,95,All,All,Last 3 months page filter; effective data 2026-05-26 to 2026-06-12,This query appeared while filtering /; use it to verify target-page fit and cannibalization.,/calculator,H. Ignore or defer; intent is not real-cruise-cost planning,35
Page-filter validation: Wrong-intent query,how much to rent a cruise ship,/,0,1,0%,95,All,All,Last 3 months page filter; effective data 2026-05-26 to 2026-06-12,This query appeared while filtering /; use it to verify target-page fit and cannibalization.,/calculator,H. Ignore or defer; intent is not real-cruise-cost planning,35
Page-filter validation: Wrong-intent query,how much is it to build a cruise ship,/,0,1,0%,98,All,All,Last 3 months page filter; effective data 2026-05-26 to 2026-06-12,This query appeared while filtering /; use it to verify target-page fit and cannibalization.,/calculator,H. Ignore or defer; intent is not real-cruise-cost planning,35
Top page opportunity,,/blog/virgin-voyages-vs-celebrity/,0,28,0%,18.68,All,All,Last 3 months pages export; effective data 2026-05-26 to 2026-06-12,"Page has 28 impressions, 0 clicks, CTR 0%, avg position 18.68.",/blog/virgin-voyages-vs-celebrity/,"Review title/meta, internal links, and query-page fit before implementation.",32
Top page opportunity,,/loyalty/,0,77,0%,38.78,All,All,Last 3 months pages export; effective data 2026-05-26 to 2026-06-12,"Page has 77 impressions, 0 clicks, CTR 0%, avg position 38.78.",/loyalty/,"Review title/meta, internal links, and query-page fit before implementation.",29
Top page opportunity,,/faq/,0,4,0%,5.5,All,All,Last 3 months pages export; effective data 2026-05-26 to 2026-06-12,"Page has 4 impressions, 0 clicks, CTR 0%, avg position 5.5.",/faq/,"Review title/meta, internal links, and query-page fit before implementation.",26
Top page opportunity,,/terms/,0,4,0%,7.75,All,All,Last 3 months pages export; effective data 2026-05-26 to 2026-06-12,"Page has 4 impressions, 0 clicks, CTR 0%, avg position 7.75.",/terms/,"Review title/meta, internal links, and query-page fit before implementation.",26
Top page opportunity,,/calculator/norwegian/,0,2,0%,4,All,All,Last 3 months pages export; effective data 2026-05-26 to 2026-06-12,"Page has 2 impressions, 0 clicks, CTR 0%, avg position 4.",/calculator/norwegian/,"Review title/meta, internal links, and query-page fit before implementation.",26
Top page opportunity,,/compare/,0,1,0%,5,All,All,Last 3 months pages export; effective data 2026-05-26 to 2026-06-12,"Page has 1 impressions, 0 clicks, CTR 0%, avg position 5.",/compare/,"Review title/meta, internal links, and query-page fit before implementation.",25
Top page opportunity,,/cruises,0,1,0%,5,All,All,Last 3 months pages export; effective data 2026-05-26 to 2026-06-12,"Page has 1 impressions, 0 clicks, CTR 0%, avg position 5.",/cruises,"Review title/meta, internal links, and query-page fit before implementation.",25
Top page opportunity,,/guides/,0,1,0%,5,All,All,Last 3 months pages export; effective data 2026-05-26 to 2026-06-12,"Page has 1 impressions, 0 clicks, CTR 0%, avg position 5.",/guides/,"Review title/meta, internal links, and query-page fit before implementation.",25
Top page opportunity,,/myday/,0,1,0%,5,All,All,Last 3 months pages export; effective data 2026-05-26 to 2026-06-12,"Page has 1 impressions, 0 clicks, CTR 0%, avg position 5.",/myday/,"Review title/meta, internal links, and query-page fit before implementation.",25
Top page opportunity,,/ports/,0,1,0%,5,All,All,Last 3 months pages export; effective data 2026-05-26 to 2026-06-12,"Page has 1 impressions, 0 clicks, CTR 0%, avg position 5.",/ports/,"Review title/meta, internal links, and query-page fit before implementation.",25
Top page opportunity,,/how-we-make-money/,0,1,0%,7,All,All,Last 3 months pages export; effective data 2026-05-26 to 2026-06-12,"Page has 1 impressions, 0 clicks, CTR 0%, avg position 7.",/how-we-make-money/,"Review title/meta, internal links, and query-page fit before implementation.",25
Top page opportunity,,/calculator/,0,56,0%,50.75,All,All,Last 3 months pages export; effective data 2026-05-26 to 2026-06-12,"Page has 56 impressions, 0 clicks, CTR 0%, avg position 50.75.",/calculator/,"Review title/meta, internal links, and query-page fit before implementation.",24
Top page opportunity,,/cruise-costs/,0,23,0%,70.13,All,All,Last 3 months pages export; effective data 2026-05-26 to 2026-06-12,"Page has 23 impressions, 0 clicks, CTR 0%, avg position 70.13.",/cruise-costs/,"Review title/meta, internal links, and query-page fit before implementation.",16
Top page opportunity,,/cruises/,0,14,0%,51.71,All,All,Last 3 months pages export; effective data 2026-05-26 to 2026-06-12,"Page has 14 impressions, 0 clicks, CTR 0%, avg position 51.71.",/cruises/,"Review title/meta, internal links, and query-page fit before implementation.",14
Top page opportunity,,/methodology/,0,12,0%,64,All,All,Last 3 months pages export; effective data 2026-05-26 to 2026-06-12,"Page has 12 impressions, 0 clicks, CTR 0%, avg position 64.",/methodology/,"Review title/meta, internal links, and query-page fit before implementation.",13
Top page opportunity,,/blog/disney-cruise-vs-royal-caribbean-families/,0,4,0%,42,All,All,Last 3 months pages export; effective data 2026-05-26 to 2026-06-12,"Page has 4 impressions, 0 clicks, CTR 0%, avg position 42.",/blog/disney-cruise-vs-royal-caribbean-families/,"Review title/meta, internal links, and query-page fit before implementation.",11
